detection_idx,pulse_index,pulse_time_s,hemisphere,detection_channel,ch2_amplitude,ch2_relevant,ch4_amplitude,ch4_relevant,ch9_amplitude,ch9_relevant,ch12_amplitude,ch12_relevant,ch13_amplitude,ch13_relevant,ch14_amplitude,ch14_relevant
0,13536,6.768,healthy,2,17.6023327419395,True,6.317791725645039,True,8.916191896070035,False,7.695420563345525,True,1.227404487687501,False,1.0939925963563453,False
1,18784,9.392,healthy,2,5.334810225473359,True,10.517215266538953,True,6.249050574676775,False,5.842956886537516,True,1.0827071690628738,False,1.1836502622587521,False
2,47771,23.8855,healthy,2,8.676201548972879,True,9.702466051388022,True,10.168046996505387,False,5.262978993733261,True,0.7371869688693106,False,1.1290824830710857,False
3,52312,26.156,healthy,2,9.028377328399836,True,11.548052425649882,True,6.050391177751194,False,6.489213171280364,True,1.2127361645128925,False,0.894382181232702,False
4,74123,37.0615,healthy,2,171.76738582877564,True,22.79921206936792,True,37.513913082254405,False,66.88550992545802,True,1.0743002043359824,False,1.0604310844039653,False
5,132596,66.298,healthy,2,10.868014591739703,True,7.481491689613691,True,7.429900678652734,False,4.5100743409785355,True,1.3021389932858884,False,1.2520727970250416,False
6,145009,72.5045,healthy,2,12.54155210947824,True,9.881974619578482,True,6.815317279923918,False,5.208641242183909,True,0.8839846940938656,False,1.0454063305443984,False
7,167204,83.602,healthy,2,21.76847660330482,True,7.54148974425328,True,7.586051573192849,False,8.601466339598542,True,1.0028970679083664,False,1.0028668883499594,False
8,196259,98.1295,healthy,2,13.816237649308128,True,8.393694869105534,True,3.504714214072578,False,6.2740800683032605,True,1.0739627340098694,False,0.9778869205083939,False
9,218300,109.15,healthy,2,15.633659914722445,True,32.079602068905196,True,5.999961577688998,False,6.5412001461071,True,1.145621833455906,False,0.7407307565234029,False
10,228152,114.076,healthy,2,6.163885668706824,True,9.399042406647826,True,9.080351315130606,False,4.29239432131295,True,1.0923696629185342,False,0.8850911406657941,False
11,234683,117.3415,healthy,2,19.856332017873534,True,13.267253699339257,True,6.055160139193381,False,11.075171215813029,True,1.6673826596277217,False,0.9035392079994696,False
12,290844,145.422,healthy,2,24.04201321647613,True,37.40400677869886,True,8.285544223402468,False,12.855891500476694,True,1.0650371510939247,False,1.0587133772282242,False
13,355465,177.7325,healthy,2,15.216173839940375,True,7.256993023125866,True,9.246123752305072,False,7.784687549342149,True,1.309572380170886,False,1.1968375194799887,False
14,369236,184.618,healthy,2,14.744921825352916,True,6.171109393624783,True,6.646913604508723,False,8.141999403413731,True,0.6193603409813455,False,1.176232418413031,False
15,390002,195.001,healthy,2,15.211818189292885,True,7.967696535069264,True,6.4240821853025265,False,6.726598852010801,True,1.3195543616061256,False,1.3160895452129342,False
16,400525,200.2625,healthy,2,8.992248693693497,True,39.55559082647359,True,3.7511690812566636,False,7.271617945824661,True,1.096855331337617,False,1.0059073290185339,False
17,407140,203.57,healthy,2,15.039924656853396,True,36.75667211112351,True,5.438375845250079,False,11.179476111660133,True,1.2873722561050376,False,1.0893821679057187,False
18,411456,205.728,healthy,2,23.713668185772022,True,28.712963823874986,True,3.4714713409809264,False,11.939204096698035,True,1.1020507913833675,False,1.2664255677393421,False
19,416744,208.372,healthy,2,17.322718476561796,True,15.802047522122102,True,5.10817803385196,False,6.437552929235205,True,0.8360295196804755,False,1.0337995281151369,False
20,425243,212.6215,healthy,2,7.973837111980997,True,7.354000942347078,True,5.736384451652033,False,8.238170782810574,True,0.7875298657887377,False,1.0310190420860825,False
21,429157,214.5785,healthy,2,15.545959705234068,True,8.080265745383315,True,9.627956498148569,False,9.545381711734777,True,1.3949120905104833,False,0.9172615995377094,False
22,469830,234.915,healthy,2,15.682423593848878,True,11.480573108649075,True,6.825190471879638,False,6.20862408357991,True,0.8949791446859796,False,1.1376187640411586,False
23,484554,242.277,healthy,2,17.708814341950077,True,7.218429357490827,True,7.058056668333666,False,10.42288664805832,True,0.8799351911821802,False,0.9114926726715096,False
24,490429,245.2145,healthy,2,17.916030702974282,True,5.139233414080207,True,5.551611753424229,False,7.010545624397206,True,1.2075129692748972,False,1.0675518208227621,False
25,513386,256.693,healthy,2,20.28451933545099,True,8.468078229753154,True,5.003123661611965,False,7.049599244458275,True,0.7090864226106506,False,1.535938523646378,False
26,546495,273.2475,healthy,2,19.2509256438625,True,15.563551644449504,True,9.915734769099437,False,18.56311306437461,True,0.9566363043537522,False,0.9832663481782877,False
27,554070,277.035,healthy,2,18.920804607028078,True,7.97291166098471,True,6.956370289287287,False,12.166101073703162,True,0.9402277758873421,False,0.9251040560431336,False
28,561185,280.5925,healthy,2,15.30583260786036,True,10.064277481520858,True,9.351414034874544,False,32.77266444243425,True,0.9977989147073795,False,0.8267116406950326,False
29,563571,281.7855,healthy,2,8.682281315717157,True,6.724400958896765,True,4.466846720338557,False,10.723772788575284,True,1.1217143199561912,False,0.6636504662072539,False
30,568793,284.3965,healthy,2,6.745308602940428,True,6.098142929222815,True,4.620160579923851,False,7.507992959742814,True,0.8786366959634876,False,0.8476031936730652,False
31,572370,286.185,healthy,2,13.414242175796227,True,17.127783091468533,True,6.194659749784363,False,16.61833627271211,True,1.0758157219605122,False,0.8394460581239456,False
32,590126,295.063,healthy,2,9.647051645472883,True,8.609461188975361,True,7.370444544663602,False,4.95434605563947,True,1.1358511329670606,False,0.9550526640300107,False
33,597479,298.7395,healthy,2,12.952454915240118,True,23.353169287409212,True,5.968849475598212,False,4.6836189417946565,True,1.5980408524491536,False,1.0450855023103414,False
34,602866,301.433,healthy,2,9.057682096615453,True,65.37959874573829,True,5.8201353322618266,False,5.3829218054538055,True,0.7523945633442559,False,1.5594123468273235,False
35,607134,303.567,healthy,2,9.855445970838197,True,107.26018673629926,True,6.3891769207326,False,5.39385068903545,True,0.9524932012826808,False,0.9544849381478069,False
36,617464,308.732,healthy,2,11.969880171549875,True,98.19935372395557,True,5.821139844942105,False,6.401572999350485,True,0.9940968795561198,False,0.8616427011454324,False
37,623511,311.7555,healthy,2,9.84713965329358,True,38.01579409079493,True,9.21679799931205,False,5.619734038252247,True,0.917201508843706,False,1.0077496751466888,False
38,635156,317.578,healthy,2,14.65291407780757,True,47.636483494113335,True,6.980197282250473,False,8.301985719881197,True,1.4596446404412773,False,1.3158805773616566,False
39,640029,320.0145,healthy,2,8.836395220610417,True,62.98410335896072,True,5.877748876548422,False,5.262799033320547,True,0.9598707324224007,False,1.3802187093008564,False
40,643019,321.5095,healthy,2,7.77223439124616,True,43.87683118387153,True,6.301882484127944,False,7.699737712540958,True,0.7854388092013326,False,0.6991833785272423,False
41,650759,325.3795,healthy,2,10.527936084708145,True,8.771191739391186,True,7.988792419375288,False,11.289413090482665,True,0.8456394982039808,False,0.8325382961128005,False
42,653835,326.9175,healthy,2,9.211420450658942,True,17.841984596272976,True,5.400471234077766,False,5.9176008657203685,True,0.9532611867803924,False,1.006330847251091,False
43,712007,356.0035,healthy,2,49.04550500429755,True,7.393890497989715,True,5.753427565725357,False,7.798375533636262,True,1.0262978954169668,False,1.4863157553875253,False
44,716521,358.2605,healthy,2,60.71301154310784,True,138.4962445004804,True,11.019646264810934,False,5.727231781584289,True,1.0510068279936362,False,1.0563524242833413,False
45,719992,359.996,healthy,2,194.5994410707122,True,57.24676165358884,True,12.940777996860195,False,7.051469280348876,True,1.0634221408845623,False,1.123888203410912,False
46,723276,361.638,healthy,2,51.532870773169904,True,269.72236275365316,True,17.639358496392354,False,26.425424308351595,True,1.3075110577756865,False,1.3737506632305334,False
47,731438,365.719,healthy,2,63.66911424230172,True,9.242470667123131,True,10.585288887781246,False,4.780432307819931,True,1.2051914396406167,False,0.8170160981978002,False
48,735338,367.669,healthy,2,62.85308390479668,True,19.889762861706934,True,11.192147784764728,False,5.034669503410557,True,0.9340900780927066,False,0.576481237139264,False
49,737559,368.7795,healthy,2,10.740921345473161,True,173.7134672701947,True,7.69919555280938,False,8.498920144733464,True,1.0869700457864375,False,0.9800436172918399,False
50,744620,372.31,healthy,2,32.56393749844533,True,6.720970014575247,True,8.257987136746621,False,88.5655772608271,True,1.5230451558752383,False,0.95649415646033,False
51,757411,378.7055,healthy,2,50.72247103253656,True,9.880221215775698,True,9.566868573244083,False,6.136169407472018,True,1.0900474531287878,False,1.1758196830512015,False
52,760786,380.393,healthy,2,72.79647614618517,True,18.779993313740682,True,10.026310704157058,False,5.693928990663229,True,1.0651717538695724,False,1.1261499931234273,False
53,764007,382.0035,healthy,2,47.08672908225549,True,9.968911352227014,True,11.511931828632642,False,6.591842941376717,True,1.4100724203594046,False,1.2670314522381174,False
54,767730,383.865,healthy,2,203.93328144013736,True,141.22947928265725,True,27.19105124018258,False,13.048202700715976,True,0.7419117817512472,False,0.9253561429020392,False
55,771041,385.5205,healthy,2,72.49215039859475,True,7.757927646982938,True,8.593538874432085,False,6.84900199007725,True,1.2881275055595744,False,1.0918093604516643,False
56,774788,387.394,healthy,2,73.15459598906037,True,219.2130482328942,True,10.092986888387431,False,69.7580987382236,True,1.3642107975247528,False,1.0162792187675531,False
57,778944,389.472,healthy,2,65.77697435010435,True,9.589388650432133,True,11.10951159216729,False,7.040285259513044,True,1.28598052602763,False,1.3873668744897367,False
58,783846,391.923,healthy,2,50.858304796169634,True,36.86542070502952,True,10.568577255327773,False,8.294918331916334,True,1.3528521115908205,False,1.067795617743421,False
59,788713,394.3565,healthy,2,71.54566163141035,True,10.59853201337799,True,9.97051075035175,False,5.097584866240838,True,0.7687517352694908,False,1.1205302295815365,False
60,793486,396.743,healthy,2,59.685828121983484,True,81.72300872110029,True,11.938076277535863,False,6.361012853335577,True,1.5058225004587236,False,0.8682726021555586,False
61,816078,408.039,healthy,2,67.40672119732595,True,139.21672952023923,True,8.355045459961271,False,9.668259361544688,True,1.3121219015142827,False,1.1393025343812186,False
62,819815,409.9075,healthy,2,65.29224466953082,True,9.447797319765602,True,7.2644159676086275,False,5.91192457106653,True,1.107142103468876,False,0.9025967884016652,False
63,824024,412.012,healthy,2,51.464249729240066,True,79.2578325385596,True,16.60527557177906,False,5.659724887461583,True,1.1036360695641285,False,0.7717933293832391,False
64,836379,418.1895,healthy,2,58.461398146256016,True,167.6055309067678,True,8.408893617468548,False,16.12583507384995,True,1.352462620184685,False,0.8874168252920759,False
65,840940,420.47,healthy,2,51.316160436764505,True,4.468959945675577,True,8.423980944079885,False,3.4713706518838228,True,1.2723251857220426,False,0.7929840599278344,False
66,847260,423.63,healthy,2,53.5179314451423,True,5.314321142696823,True,19.928720160030686,False,6.2842020637911435,True,0.7868688953378575,False,0.8773605794515191,False
67,851871,425.9355,healthy,2,51.726728929226965,True,6.1379810827850365,True,11.432987598029294,False,4.156817675742566,True,1.2706573084109436,False,0.9911255083219166,False
68,856428,428.214,healthy,2,52.595229181881976,True,44.78774687396175,True,14.232052480790951,False,4.64522607274051,True,1.1165088165965058,False,1.3767066323310115,False
69,872826,436.413,healthy,2,37.19537147394951,True,5.444860255980794,True,12.95448825368004,False,5.8300618859038265,True,0.9907474979820861,False,0.8930467222457347,False
70,877496,438.748,healthy,2,42.39211572920243,True,16.461870221131562,True,9.15040425232472,False,7.5740001751377,True,1.0287857495453396,False,1.348415914283144,False
71,882153,441.0765,healthy,2,40.34067669725165,True,107.00698951634084,True,12.128360354829374,False,8.90787431582485,True,1.3345930208157402,False,1.146738556382319,False
72,893149,446.5745,healthy,2,36.820091034293114,True,58.36649540489614,True,13.999819304504847,False,73.18215811984206,True,1.0969806527553327,False,0.9609027491306346,False
73,906343,453.1715,healthy,2,41.77085080531353,True,63.7012064720392,True,10.67830285788142,False,68.48208831741306,True,1.0589487910915478,False,1.276774732770567,False
74,914647,457.3235,healthy,2,39.35001029430378,True,93.31098253084318,True,9.009894046752724,False,99.39512556589396,True,0.8284395136565187,False,1.1737429431133517,False
75,941798,470.899,healthy,2,48.64410541919203,True,56.141926761293746,True,7.229020749449544,False,6.66860509398827,True,0.9047705743522727,False,1.2417503006549389,False
76,946915,473.4575,healthy,2,54.57579605442853,True,6.860488700255811,True,13.405353481067007,False,7.142435925125647,True,0.9307561740343944,False,0.9221168150973102,False
77,949298,474.649,healthy,2,43.65465300348827,True,40.69625349920824,True,8.98370039583354,False,7.737940420209992,True,1.2064820662002138,False,1.034724098650352,False
78,979244,489.622,healthy,2,43.960373388418496,True,171.50376304009376,True,9.049126521349361,False,22.274393141861797,True,1.0152700959893024,False,1.2345833499133523,False
79,1000474,500.237,healthy,2,39.9629120750568,True,7.065694662295849,True,11.474606676868556,False,3.8894177758620216,True,1.314495534367027,False,0.9919618250525291,False
80,1005546,502.773,healthy,2,38.05835974297504,True,10.396563129661185,True,8.99409352508212,False,5.074468293103206,True,1.1437865194697368,False,1.1965656619071088,False
81,1016775,508.3875,healthy,2,35.38397906285315,True,11.764369786093454,True,8.286987735333783,False,5.834175604834629,True,1.3178421838670613,False,1.2802289950983998,False
82,1024642,512.321,healthy,2,21.018578160363013,True,11.357794030723793,True,5.978269421183824,False,3.9932161322895063,True,1.0052404382633862,False,1.145515025896679,False
83,1030448,515.224,healthy,2,22.27249983200028,True,18.449346963302272,True,6.589374845013777,False,7.090404736578032,True,0.863566129256296,False,0.9322343206427814,False
84,1034910,517.455,healthy,2,24.68797497332794,True,7.691018791443112,True,4.668617699541052,False,6.897879918523499,True,0.7927281326311022,False,1.0259456668072855,False
85,1040832,520.416,healthy,2,20.988719843568276,True,4.72702990931981,True,6.651681433152481,False,4.292595334394425,True,0.8122352677112618,False,0.7592634704783578,False
86,1080434,540.217,healthy,2,7.683522082337559,True,10.72508905960078,True,5.645768161220832,False,8.670330195556929,True,1.1172054574201136,False,1.2880146119059672,False
87,1097782,548.891,healthy,2,48.14501827992581,True,11.194478804812267,True,4.933345982032243,False,14.619961607148888,True,0.8655709640568586,False,0.9089503209545691,False
88,1120613,560.3065,healthy,2,22.494837534703436,True,8.169668320601774,True,4.629664913301715,False,8.736977537062732,True,0.9420081295713381,False,1.3483914500409635,False
89,1136182,568.091,healthy,2,10.988324127981667,True,4.98619580462728,True,4.587566401325674,False,8.809214279548712,True,1.2556246468344074,False,1.0746467673795963,False
90,1143729,571.8645,healthy,2,17.643708225945424,True,219.25175877195989,True,4.824549066259324,False,5.4830697157071375,True,0.8274837003066874,False,0.9772830106598533,False
91,1147870,573.935,healthy,2,17.845148761380266,True,50.84006303396451,True,6.23693502874622,False,5.344153027859867,True,1.3863302841612377,False,1.0428306396201945,False
92,1151641,575.8205,healthy,2,20.0423290514223,True,8.040514502025008,True,7.440642432187165,False,5.907974671703752,True,0.9470629632254386,False,1.0267733969589639,False
93,1156088,578.044,healthy,2,16.04111241854799,True,7.126571885749289,True,8.308011464108553,False,5.693442640804722,True,1.0440182280594215,False,1.2284041687569094,False
94,1160042,580.021,healthy,2,14.302458968468308,True,155.9172760549391,True,5.056482773783905,False,72.84556806290624,True,0.9888648158993887,False,0.8908581026935976,False
95,1189925,594.9625,healthy,2,19.365486600778674,True,31.662886055766794,True,6.1034624208711445,False,20.5471363993941,True,1.2693480622998312,False,1.5408700304586525,False
96,1197438,598.719,healthy,2,33.41445306170931,True,21.354796753242887,True,8.73786615732459,False,19.951836621935826,True,0.9220423431310778,False,1.3606342891065015,False
97,1217831,608.9155,healthy,2,5.946976954968529,True,11.848252353708565,True,7.280932876731283,False,5.82779650146167,True,1.3942244230575584,False,1.1181857357452525,False
98,1221770,610.885,healthy,2,12.018583256769318,True,22.98841161299996,True,8.660950254749899,False,9.85229984560932,True,1.1597087083640785,False,1.0542474556577894,False
99,1247186,623.593,healthy,2,36.75228282901918,True,4.466347158156436,True,8.085924863440077,False,4.712118416580688,True,1.4295581209490973,False,0.7683940004343579,False
100,1252239,626.1195,healthy,2,24.214527552415607,True,4.215807842813497,True,8.48796728766918,False,5.910213288855749,True,0.9142753408084926,False,1.1612981685380095,False
101,1256760,628.38,healthy,2,25.530079141334042,True,17.702343233076427,True,10.506217587668822,False,5.559052831527065,True,0.9204352695187215,False,0.6075574951394931,False
102,1261822,630.911,healthy,2,22.655566856923663,True,41.19027168116317,True,5.994029144902214,False,5.6914584942436655,True,0.9209288051492472,False,0.7031535311869079,False
103,1290737,645.3685,healthy,2,19.091303174625715,True,26.103355322268122,True,6.662300407614325,False,21.112521699739787,True,1.090600210942368,False,1.119086298666959,False
104,1297730,648.865,healthy,2,10.405592676636022,True,15.979377213261365,True,4.770453857813117,False,11.275332197337082,True,0.9561444389946414,False,0.9191865692437531,False
105,1300850,650.425,stroke,14,6.9223163513292665,False,9.579647061693857,False,6.301542729616569,True,5.266625023170148,False,0.6808768314114175,True,0.806720507550035,True
106,1316398,658.199,stroke,14,6.201540551078725,False,6.127665236291828,False,8.837076458093184,True,5.470208967806258,False,1.1095773933473332,True,0.9699125821845798,True
107,1330466,665.233,stroke,14,5.510829599844023,False,8.241819800177378,False,6.879529393228571,True,7.235889565860987,False,0.9259191922628602,True,0.9854769949082727,True
108,1335997,667.9985,stroke,14,3.3841828968219847,False,8.549652695455318,False,6.7796375173483145,True,3.486387929520327,False,0.7156228409716158,True,1.0337621441305256,True
109,1344071,672.0355,stroke,14,3.8827467301492034,False,5.334937219762782,False,6.025453194272137,True,5.2127020352754165,False,1.1882312068519711,True,0.883994144542636,True
110,1348194,674.097,stroke,14,63.388636167581595,False,57.730757058666704,False,14.454822775411667,True,6.016293571437479,False,1.0702771214115259,True,1.022549198359826,True
111,1362064,681.032,stroke,14,8.351812963023757,False,5.089843094513279,False,6.085889936240041,True,5.024253695454229,False,1.1904281357094768,True,0.7325525722087666,True
112,1364378,682.189,stroke,14,4.57355257811207,False,7.945436575367223,False,6.394151415941714,True,7.898676462102046,False,1.1710450185187877,True,0.8121231359453007,True
113,1386702,693.351,stroke,14,6.011433271179904,False,15.637592381064549,False,6.441288265820649,True,7.802449346134173,False,1.1077851514378965,True,0.7933018030253066,True
114,1400096,700.048,stroke,14,11.466730393541322,False,44.42932397111062,False,5.589674550216656,True,6.744755904234722,False,1.1095218118371704,True,1.3800189382904313,True
115,1407357,703.6785,stroke,14,14.044249516225701,False,19.878881316667865,False,11.467932686644644,True,4.130221418472674,False,0.8019169536820199,True,1.017797410668939,True
116,1424734,712.367,stroke,14,7.499946255943216,False,38.545728807896324,False,7.168855315665108,True,3.9150135593780764,False,1.518072053784512,True,1.2757041725426357,True
117,1431668,715.834,stroke,14,4.4131655613333285,False,99.42003114906196,False,7.8837517492992415,True,7.350326473507511,False,1.016087726753069,True,1.309937979127087,True
118,1458715,729.3575,stroke,14,10.322714109718127,False,53.332678351148,False,4.536481090375343,True,4.572555726974643,False,0.8961814140544646,True,0.7790866402569653,True
119,1469010,734.505,stroke,14,4.345135773431851,False,9.348574649405853,False,4.011244311349767,True,6.023273244361704,False,0.8780047903476894,True,0.8158024006061364,True
120,1472667,736.3335,stroke,14,9.272445509880026,False,6.75929738166947,False,7.009989722900298,True,3.8407818204398803,False,0.8732002216044956,True,0.7583226168379312,True
121,1488830,744.415,stroke,14,11.813784908831085,False,12.220635721117386,False,6.193731704382806,True,8.338524550166085,False,1.2375660830862252,True,1.0003586146616164,True
122,1491282,745.641,stroke,14,7.645637154170306,False,4.568031952933006,False,4.551129648971884,True,5.293984938500666,False,1.0211028513547715,True,1.218124128904856,True
123,1523032,761.516,stroke,14,4.276387551800563,False,6.309637714568085,False,5.7180056496901255,True,4.2385589672406185,False,1.375568576342711,True,0.7791344957882174,True
124,1538176,769.088,stroke,14,6.343430538365572,False,4.919355010398721,False,7.956306230700326,True,8.709505333429826,False,0.988272721601364,True,1.1304021859057478,True
125,1549092,774.546,stroke,14,6.981236112878013,False,9.607337927215701,False,12.306417747233455,True,5.413871764864053,False,0.9955134900282148,True,0.9813725328414116,True
126,1551515,775.7575,stroke,14,5.715585236121678,False,4.258510860515019,False,6.692415203147235,True,6.478676561094762,False,0.810974099891919,True,1.0778656225486238,True
127,1593504,796.752,stroke,14,7.5851051954066495,False,62.48988522275144,False,6.01318414808442,True,10.353308119089556,False,0.9831448473636766,True,1.0973932240429674,True
128,1620894,810.447,stroke,14,4.742423579022369,False,5.291421567450727,False,9.011583266966348,True,4.919032417877471,False,1.0464774386553088,True,1.0651101690636644,True
129,1639063,819.5315,stroke,14,13.466966421745491,False,8.229461408676258,False,27.83389014097922,True,7.387950025450619,False,0.8862098299074828,True,1.0836738067458136,True
130,1648385,824.1925,stroke,14,13.760060018565156,False,12.914184683061542,False,69.73405509802785,True,4.136387691757033,False,1.0296302327751738,True,1.1746355198517282,True
131,1701691,850.8455,stroke,14,23.220243066250575,False,75.63780196080074,False,17.237560776187756,True,4.163269794702366,False,0.9235697755274497,True,1.1024459100843653,True
132,1725410,862.705,stroke,14,38.580431733207156,False,54.02648343902857,False,8.641497760900942,True,6.3909291968115465,False,1.1229476822487676,True,0.9526675803677702,True
133,1749563,874.7815,stroke,14,12.534939229839537,False,7.257066148167388,False,6.418409136459081,True,7.464667097800483,False,1.2809495914742117,True,1.0864515835531137,True
134,1761057,880.5285,stroke,14,9.16760607245341,False,69.40000844209091,False,12.790630735505161,True,6.026921361012007,False,1.612900436226949,True,0.9387863950308384,True
135,1769785,884.8925,stroke,14,9.477112095774348,False,5.4122088759414195,False,6.61407829231453,True,3.9396968067627958,False,1.3506486847867447,True,1.285909416117206,True
136,1772741,886.3705,stroke,14,10.242538924707786,False,24.19229876214478,False,6.442842969601953,True,7.632769173327417,False,0.8851230345356362,True,0.8747596263594668,True
137,1812673,906.3365,stroke,14,10.772183743962747,False,7.094016132985168,False,9.10984315403987,True,59.64258349511234,False,1.5103142138953376,True,0.8855793619815103,True
138,1819092,909.546,stroke,14,9.837920090930199,False,7.370379227261596,False,5.750640043312581,True,5.836643764704842,False,0.9012403435328712,True,1.1868254136956866,True
139,1828186,914.093,stroke,14,20.906944119748765,False,10.636731756429505,False,7.206592318852213,True,5.1338173498234205,False,1.1939802472442178,True,1.4782551547214147,True
140,1830435,915.2175,stroke,14,9.831488321762322,False,9.468979532455126,False,7.20827441979341,True,7.772108607178373,False,1.3057679712209636,True,1.3380986752377244,True
141,1890969,945.4845,stroke,14,22.67760959976919,False,27.316720953515144,False,5.578100951021554,True,4.8557415224285085,False,1.2151699149148405,True,0.8443297936925486,True
142,1896304,948.152,stroke,14,21.991101913544867,False,5.632114785257759,False,9.612817773947764,True,5.885521128010066,False,0.95830308590597,True,0.9288622072417142,True
143,1905687,952.8435,stroke,14,18.080788939943545,False,34.96329290751912,False,7.014484144923305,True,5.706818404869546,False,0.8104285193145626,True,1.0371902844886032,True
144,1912631,956.3155,stroke,14,17.20937053485869,False,9.478670664292627,False,6.559723293541288,True,4.274288341455692,False,0.7091560554271296,True,0.7656599243907423,True
145,1918318,959.159,stroke,14,16.574654281342482,False,11.535207845617725,False,5.741789235526532,True,7.762012484014512,False,0.8351424250015338,True,0.8620344421606629,True
146,1959644,979.822,stroke,14,22.707691177661058,False,14.085758648155885,False,11.136210517367772,True,7.441426971773306,False,1.0704141604895452,True,0.6815834083991776,True
147,1968776,984.388,stroke,14,4.128259916424331,False,5.912048470368365,False,10.486846502913128,True,5.867281032876686,False,0.9710902042838779,True,1.1376902970975942,True
148,1975749,987.8745,stroke,14,8.41026760554623,False,24.63630395391187,False,7.656019210234591,True,7.201632262118752,False,0.820328181252938,True,0.9901618933232865,True
149,1999913,999.9565,stroke,14,7.948411341451582,False,27.539998948827982,False,7.709238062768726,True,6.1837892211432575,False,1.0578277384642472,True,1.0221086176538636,True
150,2012614,1006.307,stroke,14,8.955795130705432,False,76.15890373136601,False,7.3130571649090745,True,5.5582601065909945,False,0.9705014606040292,True,1.0636784256680598,True
151,2014829,1007.4145,stroke,14,12.455876469182112,False,7.054694825861672,False,8.144228373440297,True,3.780410467853835,False,1.6824162400962877,True,0.8734318453842013,True
152,2029778,1014.889,stroke,14,11.595827968607896,False,21.285376789754487,False,4.159369623818771,True,6.120669995256914,False,1.0327416617313032,True,1.0853608367796208,True
153,2031813,1015.9065,stroke,14,9.879880069713337,False,5.645515745958393,False,6.097069937625635,True,7.691397458783118,False,1.1764056952072446,True,0.9820037779650826,True
154,2036379,1018.1895,stroke,14,6.912713805540314,False,9.502779909572498,False,4.1373272070358,True,6.462544729371187,False,1.1972720207897267,True,1.2622766761140647,True
155,2080668,1040.334,stroke,14,22.944910799006152,False,121.99605453313029,False,4.706182526221212,True,5.719410053663063,False,0.8031252121755093,True,1.0654306282124113,True
156,2083082,1041.541,stroke,14,22.86329875267892,False,90.9742570630448,False,7.980860397388387,True,5.769486966377785,False,0.8942330618686372,True,1.278582904450106,True
157,2099541,1049.7705,stroke,14,13.178818043524615,False,7.506412146981377,False,3.4117367337029023,True,4.661766055406332,False,1.4172146948698348,True,1.3842016449196528,True
158,2118507,1059.2535,stroke,14,6.083927256772601,False,5.356354310992388,False,7.843719512945889,True,4.51010688914477,False,1.1097516108513126,True,0.9296636443008619,True
159,2123906,1061.953,stroke,14,10.34615884980052,False,24.789032522023273,False,10.571060018412165,True,5.3638271485285935,False,0.9913152816027546,True,1.1650224362502977,True
160,2148762,1074.381,stroke,14,7.141583370137436,False,3.6276108111060568,False,13.645578226020708,True,5.070576627548974,False,1.0444821383775684,True,0.9236142405429859,True
161,2157193,1078.5965,stroke,14,8.369928600661186,False,3.329047899102102,False,6.373680395120501,True,3.7104077085019505,False,0.9266601577386679,True,0.9712593350648704,True
162,2164119,1082.0595,stroke,14,6.155157100046793,False,6.114590281371754,False,7.160613800481762,True,5.7371569031498915,False,1.541023951466775,True,1.3578267822125214,True
163,2195637,1097.8185,stroke,14,5.5180172434661765,False,5.284956136225983,False,11.62802668049755,True,4.630619284314906,False,0.8906812098549729,True,1.1198365659727867,True
164,2204686,1102.343,stroke,14,9.838451295661745,False,3.845666973051807,False,11.599059727323004,True,4.969567853612361,False,0.712575809610074,True,1.1571733736054042,True
165,2207983,1103.9915,stroke,14,10.987172083122953,False,82.39859610959807,False,9.316009781009935,True,2.8957656290573492,False,1.1682000942082362,True,1.145429370823069,True
166,2227419,1113.7095,stroke,14,19.409327648139964,False,8.625719520169518,False,9.26792746627148,True,5.383456619380862,False,0.8896597057547646,True,0.8765176696712385,True
167,2242163,1121.0815,stroke,14,15.358916626542335,False,5.489869332091716,False,6.724515663615013,True,8.685905587238896,False,1.080679094532025,True,0.9010254659882094,True
168,2251008,1125.504,stroke,14,15.602034534470825,False,3.7026853720783937,False,5.660298366519257,True,6.376301300454988,False,1.1415420248014794,True,0.8359885198126413,True
169,2263145,1131.5725,stroke,14,23.697320745076397,False,6.36022142410194,False,9.656460130656365,True,3.7970103445294123,False,0.8797044660575934,True,0.7729777876431932,True
170,2271506,1135.753,stroke,14,19.94918028465662,False,36.53480191203163,False,6.92200144374834,True,7.156434624407053,False,0.7558866646934845,True,0.8571905843941737,True
171,2287383,1143.6915,stroke,14,8.220396573195968,False,3.8873403603952212,False,14.009766077907258,True,5.887729515231766,False,1.209615816344054,True,1.1186445241073346,True
172,2341904,1170.952,stroke,14,20.63716596629815,False,7.529687582353814,False,6.007897912232397,True,5.751161782224509,False,0.9457581598212113,True,0.8234640282098721,True
173,2366717,1183.3585,stroke,14,41.89595859210451,False,73.51682476602011,False,7.534381785006772,True,5.386711409937229,False,1.1200477415191028,True,0.8090704768478485,True
174,2371196,1185.598,stroke,14,10.51676298443557,False,5.639451606189735,False,5.3944270010902535,True,3.711353114477551,False,1.0172864989793697,True,1.5245785019458014,True
175,2393606,1196.803,stroke,14,18.32691288804665,False,68.17783719108516,False,10.000096723484704,True,3.3459899207366,False,0.8279960185011355,True,1.0818426030148873,True
176,2408552,1204.276,stroke,14,30.910464604959515,False,79.3993322630817,False,7.170827133464732,True,11.252613090063953,False,1.1667957099257307,True,1.0017301240355003,True
177,2412518,1206.259,stroke,14,25.71650990846739,False,45.49104969473177,False,6.7312517028133945,True,7.508026868357799,False,1.1307334216825833,True,1.3035184270173177,True
178,2417804,1208.902,stroke,14,19.96345313966426,False,7.823230290665547,False,6.592379860758745,True,8.212436229340385,False,0.9922716843910335,True,1.3006817477388437,True
179,2450599,1225.2995,stroke,14,30.54228114521495,False,34.26823155337931,False,5.03026464537585,True,4.8063142312478675,False,1.139228583906765,True,0.8286692861698306,True
180,2476935,1238.4675,stroke,14,26.498417212157616,False,70.369564629308,False,7.536309142899206,True,7.714701352330134,False,1.1856500946162982,True,1.0618235777293397,True
181,2479227,1239.6135,stroke,14,22.33684240169373,False,7.296193806573452,False,8.463380795312183,True,3.903026597768666,False,1.1641361811039825,True,1.116033153888443,True
182,2483284,1241.642,stroke,14,28.649047128767833,False,302.94129781358777,False,7.148892297562939,True,6.274651055353901,False,0.9532961278491767,True,0.9554587173969256,True
183,2487730,1243.865,stroke,14,21.66514969170713,False,11.476384058628138,False,4.064667329881862,True,4.359022335169112,False,1.200221933060421,True,0.9766918713776926,True
184,2505811,1252.9055,stroke,14,11.81471672811293,False,9.557282488323391,False,5.6502918785166365,True,4.785831964558633,False,1.0064265876750453,True,1.2753528745935252,True
185,2510535,1255.2675,stroke,14,14.323201093886999,False,13.409089568713004,False,5.336856646084105,True,3.8889197314273356,False,0.8935498616610378,True,0.982633585841775,True
186,2514965,1257.4825,stroke,14,14.899849412350896,False,8.25806544461708,False,4.696258664091749,True,5.96566576408164,False,1.3854013588534615,True,1.1080373891267814,True
187,2521939,1260.9695,stroke,14,19.34172062764905,False,62.56450546696669,False,5.297267476150796,True,2.7865379358544073,False,0.9574410765637014,True,1.080057532292332,True
188,2540546,1270.273,stroke,14,33.50436703377329,False,11.10039628902102,False,4.9901073817359896,True,9.32059760559283,False,1.5715575402989512,True,0.8070864269194106,True
189,2549551,1274.7755,stroke,14,20.515950327199075,False,12.272319043166071,False,2.789796268877977,True,4.554764229663279,False,0.8180884299506097,True,0.8233109834093704,True
190,2552852,1276.426,stroke,14,22.46576488111829,False,8.024681355266544,False,5.530179158822987,True,3.8568230638818637,False,1.074405022372358,True,0.8773251270698397,True
191,2572362,1286.181,stroke,14,15.478837048882244,False,6.896209014903664,False,5.411805910637415,True,6.402593798299204,False,1.3301574771785134,True,0.9713737139008192,True
192,2588685,1294.3425,stroke,14,7.164476062495842,False,23.131311665755227,False,3.836834895698992,True,8.190653382292906,False,1.2541087301399179,True,0.9302333220653807,True
193,2604630,1302.315,stroke,14,14.8221556168218,False,16.081837347734282,False,5.668171153755493,True,3.36629226727175,False,1.1181845042550391,True,0.8996967346753052,True
194,2615998,1307.999,stroke,14,20.08211846811261,False,41.21041810916165,False,5.9750319230638835,True,4.079413068623424,False,0.9414943274338528,True,0.7639213473189449,True
195,2641086,1320.543,stroke,14,1.4252210194344612,False,35.93021683087473,False,5.280946342312793,True,3.9028410797094684,False,0.9904028367441283,True,0.9075154066676873,True
196,2655278,1327.639,stroke,14,6.961568187564339,False,95.95011318886944,False,4.363791992503216,True,4.378673607398094,False,1.4008714417092485,True,1.156646004827864,True
197,2666864,1333.432,stroke,14,4.044960546258212,False,8.08339759682704,False,3.920183590079054,True,5.074695601315538,False,0.8685086673610289,True,0.7824698450814398,True
198,2672631,1336.3155,stroke,14,6.037058811433752,False,42.761996143993805,False,5.624940984833673,True,3.8455194461922555,False,1.0509979859469916,True,1.203852481220086,True
199,2682565,1341.2825,stroke,14,17.46607693711936,False,96.0220655832685,False,4.657770676280883,True,3.7838844321206695,False,1.0006218134230214,True,1.3365237359938438,True
200,2688121,1344.0605,stroke,14,15.530659713131008,False,93.1848293493897,False,4.285597537109371,True,6.248174392877759,False,0.8607565079900651,True,1.3571773017880648,True
201,2697970,1348.985,stroke,14,12.275486617661077,False,13.569588833009881,False,8.42550172210941,True,5.847537282500948,False,1.053455431444703,True,1.1568319397425126,True
202,2719188,1359.594,stroke,14,10.220478962012493,False,13.471516106000685,False,4.870698384136437,True,4.579024468148399,False,1.1307173899137406,True,0.8955296378920858,True
203,2731267,1365.6335,stroke,14,4.168996756982138,False,11.594128309033563,False,4.280641311013042,True,5.676561933069221,False,1.0873149570755645,True,0.9355853589351855,True
204,2739312,1369.656,stroke,14,5.083926173210049,False,4.146508280097537,False,3.7518480941248136,True,5.134384036131293,False,1.248735114727869,True,0.760323162722988,True
205,2743615,1371.8075,stroke,14,7.0958206462356275,False,4.640095022873663,False,6.093954436850099,True,3.8473385827588786,False,1.110009315774494,True,0.7578072114094613,True
206,2765726,1382.863,stroke,14,23.880255468504423,False,24.589962412609978,False,7.963245947452567,True,6.224702967081223,False,0.9252892735024432,True,1.5151501517389652,True
207,2783627,1391.8135,stroke,14,10.094778250248755,False,7.320499711998745,False,5.417867402394895,True,3.044944175181144,False,1.3270748755208654,True,1.282636906949206,True
208,2794313,1397.1565,stroke,14,9.506621274668728,False,7.06081624227159,False,6.98460276549118,True,4.882974639291422,False,1.1229499757350836,True,0.8828521783578438,True
209,2798189,1399.0945,stroke,14,10.242396671360257,False,7.600298649729476,False,4.436638406843047,True,7.300929615766034,False,1.0779729806320721,True,1.330487454690359,True
210,2802408,1401.204,stroke,14,14.237561836928212,False,9.447570760821307,False,3.1801293328302696,True,4.724574205911953,False,1.2300391080132815,True,0.95631704005183,True
211,2807763,1403.8815,stroke,14,9.006429115944544,False,2.9599212284447294,False,3.4698999404764885,True,4.154564592475602,False,0.9514190593033691,True,1.1055498578916438,True
212,2851367,1425.6835,stroke,14,20.215795439391833,False,7.145568198672171,False,5.561721191022329,True,7.821302501136255,False,1.555418742595844,True,1.0054300851057814,True
213,2879735,1439.8675,stroke,14,8.745727675404943,False,9.823663932247424,False,7.137196705791091,True,4.992823587559223,False,0.8379302139734425,True,1.0053409540390958,True
214,2945000,1472.5,stroke,14,13.249300893222372,False,38.770680862167154,False,8.239686793001553,True,3.9064977903068496,False,1.1565519671685416,True,1.0004208991656125,True
215,2970380,1485.19,stroke,14,25.412171472465257,False,145.2690788581187,False,14.00324474995114,True,5.284367601855388,False,1.0117431960823828,True,1.1310892774295807,True
216,2994536,1497.268,stroke,14,48.233145846343405,False,5.990885598085243,False,5.858537520444523,True,5.3430653202122205,False,0.8419115673483154,True,0.8391843673983206,True
217,3010093,1505.0465,stroke,14,16.781803536484336,False,8.567051389584996,False,10.19183439475108,True,5.621827324577286,False,0.7967119386901911,True,0.8267097547834474,True
218,3020591,1510.2955,stroke,14,22.148840298020843,False,15.603914974568276,False,4.866011005039562,True,4.4262258712372695,False,0.9230063885457009,True,1.244233043614914,True
219,3036696,1518.348,stroke,14,19.160393432382897,False,314.678484049753,False,5.938402811119093,True,7.9471120575733485,False,1.2149588144658057,True,0.8781802948221314,True
220,3051722,1525.861,stroke,14,25.883695278396466,False,106.26932441489211,False,6.532027463536744,True,9.052119318454046,False,1.0075081451483785,True,1.449098405224234,True
221,3069906,1534.953,stroke,14,17.25554082269453,False,27.272596566156153,False,4.522081133322227,True,8.389476718071137,False,1.3683982437167486,True,1.1971404753614627,True
222,3091392,1545.696,stroke,14,24.309166602506995,False,4.840338633692507,False,5.41122874659565,True,5.33145902053176,False,0.9881779883712076,True,1.7298815530498235,True
223,3100045,1550.0225,stroke,14,20.22390420530993,False,8.220268589285919,False,7.093801745234695,True,3.297607898781674,False,1.2894538885954672,True,0.7997410474475761,True
224,3106862,1553.431,stroke,14,18.69646387257735,False,8.397302502907799,False,5.794946161650136,True,5.348894790091345,False,1.1758238928290476,True,0.9068109950731462,True
225,3111030,1555.515,stroke,14,13.873960069852032,False,10.034523345764834,False,6.178996548288312,True,3.2780318553237526,False,0.8927625688717143,True,1.1121275024101727,True
226,3168673,1584.3365,stroke,14,16.254307025900758,False,15.047079242271586,False,6.344918219356328,True,2.821153383315039,False,1.0979646795088014,True,0.7722829434271006,True
227,3172226,1586.113,stroke,14,14.340588028850913,False,232.60994279591412,False,5.263773492136456,True,3.851752283131804,False,0.8842458158510402,True,1.0789500435856991,True
228,3185368,1592.684,stroke,14,9.818072362503527,False,99.92484692683882,False,6.573881009534247,True,3.3285977557992403,False,1.0584231359568967,True,0.804184425676286,True
229,3198312,1599.156,stroke,14,4.706844402944879,False,7.871918886462023,False,6.113667263127543,True,4.626117721023696,False,1.1053746071271164,True,0.7213090010875136,True
230,3205435,1602.7175,stroke,14,5.356482165188349,False,36.125989596073204,False,10.067048445541037,True,4.827854434061267,False,1.1770835959475,True,1.2672373652662237,True
231,3224241,1612.1205,stroke,14,22.50535729771224,False,181.85228624012603,False,5.92997473888971,True,22.57031443002361,False,0.9711524515113519,True,1.4226520924148858,True
232,3238179,1619.0895,stroke,14,7.766763469443967,False,11.408896562465545,False,4.593063330021734,True,4.687747392904239,False,0.921512482158673,True,1.1278199337087909,True
233,3257943,1628.9715,stroke,14,11.167087338293449,False,84.00718108644564,False,5.175333317722313,True,4.539862777562675,False,1.141105179260622,True,1.0637606402312652,True
234,3273309,1636.6545,stroke,14,24.661597115622996,False,15.451531463468115,False,5.876981172435758,True,7.560391029332781,False,0.8489855698243117,True,1.1462594255488163,True
235,3277419,1638.7095,stroke,14,30.852480157004315,False,211.03716402521155,False,10.563179420506165,True,6.340760950173545,False,1.3066481663670688,True,1.280307702411304,True
236,3321448,1660.724,stroke,14,5.205733294980806,False,56.357070052106565,False,8.505062152685468,True,7.9871812562686735,False,1.2305570492678315,True,0.875370883161521,True
237,3325735,1662.8675,stroke,14,12.645475428074214,False,32.18987428894575,False,7.124183753493337,True,3.8771965364313346,False,0.9675812481683077,True,1.0627859345775867,True
238,3351663,1675.8315,stroke,14,10.89146902837728,False,94.34749620776287,False,6.9409737945375864,True,4.655949468590261,False,1.4306129349483507,True,0.8675050993558899,True
239,3372752,1686.376,stroke,14,9.838949395510307,False,57.28559900608989,False,4.91909642837051,True,2.7831650442984768,False,0.6607455395791342,True,1.0731788432308145,True
240,3389502,1694.751,stroke,14,10.71978355678061,False,35.611563925717974,False,4.8936769585656466,True,6.160153211165399,False,1.0043531241110157,True,0.9364407461680109,True
241,3406733,1703.3665,stroke,14,5.374169736936209,False,2.2991328541424307,False,4.439767786185577,True,4.644219114136144,False,1.0738200613512405,True,1.1415379683006819,True
242,3431869,1715.9345,stroke,14,9.56799113496597,False,7.270028130170498,False,5.40261812814034,True,6.749901729735542,False,0.9952776784671047,True,0.9342165482709188,True
243,3435974,1717.987,stroke,14,7.098842644980925,False,8.132158046261818,False,7.546985035392726,True,7.572217623980577,False,1.3176185215315095,True,1.232137958253475,True
244,3455242,1727.621,stroke,14,17.708863527063592,False,27.625180362059915,False,9.23587560580675,True,5.49594083871446,False,1.1580591432727316,True,0.9476732307534133,True
245,3473198,1736.599,stroke,14,12.888963494990106,False,105.0723315501137,False,6.693124557330852,True,10.732451077269781,False,1.0773318866473698,True,0.9002239801976052,True
246,3478421,1739.2105,stroke,14,9.002931864971599,False,47.920820605759175,False,7.24338821011092,True,2.962330918503943,False,0.8391613825449447,True,1.4195889395312649,True
247,3520026,1760.013,stroke,14,17.135799188673936,False,212.59554904983327,False,7.793424647655581,True,4.687769769770677,False,0.6900662221098981,True,1.0965570375812006,True
248,3526177,1763.0885,stroke,14,22.400285727853696,False,125.07505888337015,False,7.815815733304865,True,3.792499065794112,False,1.1375419068627015,True,1.2110428469158474,True
249,3530775,1765.3875,stroke,14,17.771401570098092,False,25.45297346783626,False,8.109225857957242,True,3.74225354371909,False,1.1156248609501587,True,1.217110033066799,True
250,3539437,1769.7185,stroke,14,23.84851909947891,False,32.27333683762154,False,7.372692740842228,True,5.431872183842326,False,0.6840882647187296,True,0.790426773572309,True
251,3581668,1790.834,stroke,14,22.765405518920147,False,49.759930041531575,False,6.626310976068627,True,6.211738231265582,False,0.6756672193600948,True,1.2966885176231178,True
252,3588539,1794.2695,stroke,14,27.470077640260186,False,24.312384006131868,False,8.631422051489135,True,6.820550063071022,False,1.0325953695470653,True,0.9271276795607687,True
253,3595468,1797.734,stroke,14,7.607236222525988,False,12.171289730146656,False,5.787592564417114,True,4.174657903952779,False,1.0919973336152724,True,0.9788859169467408,True
254,3603861,1801.9305,stroke,14,15.539635662223137,False,16.222969922105985,False,6.202211149344086,True,40.407308641441524,False,1.141080491204748,True,1.5807409487861128,True
255,3608255,1804.1275,stroke,14,10.292667991837606,False,4.124219096737098,False,7.514066950444828,True,8.1238502590709,False,1.31690456022403,True,0.9686174248792134,True
256,3620715,1810.3575,stroke,14,8.406966958120922,False,21.79169057708083,False,6.60659823811591,True,3.750549786421313,False,1.268661861106684,True,1.0922477944354985,True
257,3638716,1819.358,stroke,14,8.585549377925597,False,20.082527267523723,False,9.34904201553296,True,7.3713597379197395,False,1.2136945261752377,True,0.7073212148519715,True
258,3642478,1821.239,stroke,14,5.637845644063623,False,11.172296797841057,False,11.688368308351794,True,8.251965688644443,False,1.0371118525434613,True,1.0455762546122056,True
259,3657538,1828.769,stroke,14,13.835813478774753,False,186.56499950704415,False,7.847365542796648,True,4.245189558135265,False,0.9934713015538433,True,0.9805623392701663,True
260,3662399,1831.1995,stroke,14,12.902292257929073,False,133.32079746418606,False,7.306094208617919,True,5.0990395171275225,False,1.1219360324037377,True,0.9493827726638134,True
261,3671842,1835.921,stroke,14,9.494467504430547,False,13.893073059145326,False,9.599102031750654,True,4.047132077270822,False,1.128420013176747,True,1.1523303013633037,True
262,3690137,1845.0685,stroke,14,12.437107720028262,False,122.11781474508919,False,9.379093690067375,True,4.663310728209794,False,0.8457968302996511,True,1.326482278015554,True
263,3714684,1857.342,stroke,14,18.67363657274315,False,14.535999284063852,False,10.605130637258572,True,3.274958157017907,False,0.9777222165733799,True,1.2032448099330253,True
264,3751985,1875.9925,stroke,14,3.6102446131676076,False,19.279282577610633,False,7.8482933674881545,True,4.331213451323611,False,1.1658240596422793,True,1.1577629379307242,True
265,3785987,1892.9935,stroke,14,3.6334899380411043,False,13.128798134522999,False,8.20959014276336,True,2.7256140397961515,False,1.289556252302491,True,1.125026020964261,True
266,3813648,1906.824,stroke,14,5.389056778157686,False,24.549145292071827,False,7.376126189638773,True,4.897508155511694,False,1.0030887311040075,True,0.7423567015227306,True
267,3823628,1911.814,stroke,14,3.529811015898831,False,19.32958042758618,False,9.773142876931455,True,7.847603839424835,False,0.9696761022048859,True,0.9058316240803019,True
268,3883379,1941.6895,stroke,14,3.481255416726942,False,48.91724950761474,False,2.9284361442110374,True,3.4292203455992722,False,1.2412821892492258,True,1.1531411756793917,True
269,3898001,1949.0005,stroke,14,5.296260615618826,False,48.137614712805856,False,4.376272617147588,True,4.028670732109969,False,1.1556587415320962,True,1.1443716416524734,True
270,3926767,1963.3835,stroke,14,3.620648936759671,False,103.61648571414891,False,2.900500794280366,True,3.9235947409719634,False,1.1339409291329723,True,0.684163237547189,True
271,3933633,1966.8165,stroke,14,2.735034323312523,False,51.834862316422345,False,3.801969023246992,True,4.5949582155737865,False,1.0942341772200763,True,0.9509420146325998,True
272,3967388,1983.694,stroke,14,5.234776743436802,False,6.824156639195197,False,26.079009100157208,True,4.589674120681023,False,1.167297246011477,True,1.2435227364207089,True
273,4045344,2022.672,stroke,14,11.442109570774853,False,14.460657851329792,False,9.27910203373783,True,3.868060690298761,False,0.8445421106352657,True,1.0357717717209178,True
274,4053770,2026.885,stroke,14,7.726819034364774,False,12.672437098854129,False,9.073706206374094,True,3.2188183294225134,False,1.1935143800168468,True,1.3029648771208604,True
275,4057598,2028.799,stroke,14,10.123604025650186,False,21.43418234131411,False,11.880034306056373,True,4.240964569221241,False,1.0044782482299492,True,1.118246534157418,True
276,4105211,2052.6055,stroke,14,5.857383714402085,False,2.2188289755923107,False,14.633524696985159,True,5.316198976812318,False,0.8407214561808269,True,0.8444233429348502,True
277,4127757,2063.8785,stroke,14,37.20902186867156,False,30.207494486221165,False,235.24517325708922,True,4.350426402140357,False,1.3220949004816442,True,1.1128117230827244,True
278,4130987,2065.4935,stroke,14,44.29820483708561,False,296.39783913368507,False,36.597704433493135,True,2.6032091601043668,False,0.8681635065127131,True,0.7652143070848323,True
279,4142227,2071.1135,stroke,14,23.780053613489727,False,61.73448954767322,False,10.814737132387929,True,4.359729748979321,False,1.2104599502101716,True,0.9219722571502291,True
280,4153350,2076.675,stroke,14,16.03413925320817,False,17.386279740486977,False,8.16152525216767,True,4.196626561899395,False,0.6826856330036801,True,0.9296813332144436,True
281,4159991,2079.9955,stroke,14,24.794477074284643,False,11.637746966840723,False,5.834714043761343,True,4.361329720318362,False,1.3657185135410572,True,0.9718897787311411,True
282,4179281,2089.6405,stroke,14,16.092429216474386,False,26.482460553160017,False,7.935067100522847,True,7.356012651700604,False,1.1730678116782014,True,0.9478150218699193,True
283,4194319,2097.1595,stroke,14,21.662493814198463,False,154.4588051283298,False,32.52280394127704,True,19.96452088487805,False,1.0980293874766933,True,1.1047410275190888,True
284,4202318,2101.159,stroke,14,46.790229411521054,False,182.33629759177285,False,64.4536121652966,True,11.775075684512132,False,0.839047408660204,True,0.996502077313265,True
285,4213278,2106.639,stroke,14,31.773593704097543,False,315.969401219402,False,36.37955024483099,True,4.856024203762859,False,0.9757197250188647,True,0.9260316841467526,True
286,4244164,2122.082,stroke,14,7.682442252627595,False,42.25120207110517,False,18.219028316343817,True,6.662562504298563,False,0.6547512874898537,True,0.6747727342465797,True
287,4252552,2126.276,stroke,14,12.328038885799751,False,135.77498203293186,False,25.15372879318057,True,3.836433595281702,False,1.0976030977098077,True,1.1803640289312476,True
288,4264999,2132.4995,stroke,14,5.496217805464507,False,76.0969309262295,False,30.93349981450348,True,6.676949694966169,False,0.8717897843156199,True,0.8700389152450533,True
289,4285520,2142.76,stroke,14,18.198268052269785,False,146.94258988665013,False,11.950546267447777,True,4.249296554892359,False,1.311486316358674,True,0.9402646769687272,True
290,4290437,2145.2185,stroke,14,5.962968818243681,False,74.63828053138229,False,8.532794164858489,True,3.2795828986406463,False,1.0374433922236277,True,0.7902300421103874,True
291,4321624,2160.812,stroke,14,7.335461166832818,False,80.78736645915409,False,5.433464537566215,True,3.0993241297788483,False,1.3933247905721782,True,1.091365472060875,True
292,4326211,2163.1055,stroke,14,6.800771452043739,False,128.96868795602765,False,6.720010004326884,True,6.282916967710065,False,0.9528011792834548,True,0.7685261893038653,True
293,4332636,2166.318,stroke,14,4.5154530392212635,False,45.76289075381895,False,7.163813826952277,True,5.873307464767398,False,1.1128311436255727,True,1.0362912608609702,True
294,4334893,2167.4465,stroke,14,9.27762719851513,False,208.42625821432503,False,5.356845911877945,True,6.869427068086553,False,0.8532954687865204,True,1.0988455041123752,True
295,4344595,2172.2975,stroke,14,6.398551026505643,False,144.6687926852256,False,8.000748311400297,True,4.975448744604398,False,1.377623630134143,True,1.131587120488047,True
296,4356981,2178.4905,stroke,14,5.395718551583888,False,157.63363016359952,False,5.125442789953672,True,3.786562871523526,False,1.0558572241378499,True,1.3285265566987374,True
297,4378221,2189.1105,stroke,14,5.274146098507321,False,27.925139954065447,False,5.643548018042482,True,3.161655999721776,False,1.0660490648336687,True,1.0359615356880223,True
298,4389991,2194.9955,stroke,14,10.729542655372367,False,22.133327419440597,False,5.895012482967022,True,4.3798699638658505,False,1.353578673030647,True,0.7672662218758666,True
299,4415144,2207.572,stroke,14,5.292377337001269,False,9.803998504761298,False,7.9688347925536265,True,12.406184036978942,False,0.8411705224814918,True,0.8708763670989099,True
300,4451115,2225.5575,stroke,14,5.133508865832219,False,21.20057146214974,False,6.485943116445786,True,6.21780994636045,False,1.1024687581222459,True,1.2981812056830226,True
301,4453503,2226.7515,stroke,14,4.095588858706729,False,161.3081776670608,False,6.537550385378848,True,4.5267630113976045,False,0.7790018888700894,True,0.79785229728265,True
302,4508750,2254.375,stroke,14,25.30946657580634,False,264.99221726270446,False,15.489458744390202,True,6.069474166220709,False,1.0807008439873418,True,1.3945014911345672,True
303,4520185,2260.0925,stroke,14,20.235105595012037,False,84.7095548746414,False,15.46286037895749,True,5.04755805801326,False,1.5001967079475245,True,1.2998974728053874,True
304,4526907,2263.4535,stroke,14,26.400910518741192,False,117.67799430312132,False,14.376430001304072,True,7.5278870874234025,False,0.828220647512237,True,0.8499557483574898,True
305,4536054,2268.027,stroke,14,26.599160076562438,False,164.51248837490826,False,14.852590627749436,True,7.8803193717991835,False,1.107199317980243,True,0.9740114047771651,True
306,4583937,2291.9685,stroke,14,249.3631436172727,False,54048.280741370574,False,809.6344279858577,True,21743.715696374915,False,1.2773985783627215,True,1.2878608093120567,True
307,4603173,2301.5865,stroke,14,6102.787809220405,False,14188.848339393735,False,14658.083158647332,True,24966.217149883392,False,1.4861846804557108,True,1.2287668248370416,True
308,4646253,2323.1265,stroke,14,17640.382098819227,False,154428.43234424514,False,9067.124545104267,True,27338.704991924722,False,1.3640104984699117,True,1.1306344218858164,True
309,4668807,2334.4035,stroke,14,10062.197569503045,False,17266.271863903403,False,3550.198811137526,True,11256.221451303658,False,1.2058688949002212,True,1.6258960525488524,True
310,4716291,2358.1455,stroke,14,3740.6990123655432,False,4320.4649647236965,False,4346.76442875339,True,5100.327827189517,False,1.3914884146660462,True,1.3483366341403182,True
311,4719268,2359.634,stroke,14,2870.8562834057834,False,2511.2944680043815,False,1.5773362047016075,True,4482.086945001278,False,1.1529413999166076,True,0.8457151826556843,True
