detection_idx,pulse_index,pulse_time_s,hemisphere,detection_channel,ch1_amplitude,ch1_relevant,ch2_amplitude,ch2_relevant,ch3_amplitude,ch3_relevant,ch4_amplitude,ch4_relevant,ch5_amplitude,ch5_relevant,ch6_amplitude,ch6_relevant,ch7_amplitude,ch7_relevant
0,4289,2.1445,healthy,1,15.9548982259151,True,5.719230318359032,True,7.831337579768231,True,108.72258431907495,False,15.781375483838884,False,1.3681608171606383,False,18.627634490473095,False
1,89705,44.8525,healthy,1,33.67181421886308,True,88.89348890795853,True,15.90949809873278,True,102.37310129899736,False,36.593021526654056,False,0.928601314593925,False,17.931923295046552,False
2,98812,49.406,healthy,1,46.075414624217416,True,129.13209130184322,True,38.381620911846966,True,105.51168222252005,False,41.965896126658265,False,0.7789133206541383,False,19.68931500553834,False
3,103919,51.9595,healthy,1,41.89522946370551,True,156.73658437455393,True,224.97334267502197,True,103.44237709971902,False,40.60816492728816,False,1.0166702932323448,False,16.14658572188223,False
4,109304,54.652,healthy,1,34.5535221369571,True,99.83456971422927,True,361.5773146312168,True,72.32000646507562,False,39.82576585693171,False,0.7610956136415901,False,15.209426720101163,False
5,120649,60.3245,healthy,1,33.753119167228135,True,740.5993874686474,True,459.85817713664153,True,65.38388377979898,False,38.27856898470645,False,0.9792821795112485,False,14.608204776316235,False
6,131733,65.8665,healthy,1,43.9099542765138,True,614.4503331537074,True,518.4246681236282,True,131.07535261855918,False,39.0080114831456,False,1.232444524655851,False,15.881121991847284,False
7,137741,68.8705,healthy,1,9.468065116481856,True,26.745909993942384,True,4.054376091725327,True,102.51102736261089,False,8.455390099074592,False,1.410082521394508,False,4.393867159745385,False
8,149568,74.784,healthy,1,23.421286023544823,True,10.105693876967846,True,151.6016743833893,True,308.14490990094214,False,10.131878168832158,False,1.1100359658213554,False,13.606937545004758,False
9,155528,77.764,healthy,1,108.85407696209361,True,37.113728774843956,True,171.72399542043325,True,342.7111536975179,False,3.33150246609332,False,0.823464643635638,False,5.0294210240499035,False
10,189060,94.53,healthy,1,70.72846916852518,True,9.969309992404082,True,26.75786724878072,True,173.22533798222574,False,8.901362961114991,False,1.0980443247363245,False,5.221049128428474,False
11,216516,108.258,healthy,1,68.60468496286882,True,20.595855328051673,True,143.68453673375936,True,232.55484396660077,False,11.850151723727553,False,0.9337141260234075,False,53.695081849083905,False
12,294748,147.374,healthy,1,19.794704825484672,True,6.440702910310028,True,18.86748802530923,True,128.07487473356173,False,8.601460457377877,False,1.1814895340346148,False,2.3161031915023047,False
13,302154,151.077,healthy,1,112.73964400798391,True,10.741318764552233,True,85.36388599163627,True,146.75475497535388,False,5.716298245050606,False,0.9154047498748256,False,5.035065544292055,False
14,305714,152.857,healthy,1,113.0956677735528,True,10.47947895562083,True,157.95526932027764,True,74.25919303002419,False,6.204136113768566,False,0.8830340847942958,False,5.9937625425724885,False
15,321693,160.8465,healthy,1,30.509336054769193,True,42.47440923715175,True,6.851592907872334,True,130.46555808669336,False,33.013179453689915,False,0.9388849367430319,False,14.963017735529018,False
16,326903,163.4515,healthy,1,30.700194321693676,True,60.01835354312285,True,213.2912882412407,True,94.06504975937676,False,35.81362764055369,False,0.9163818482605477,False,15.99872126087039,False
17,331166,165.583,healthy,1,30.132385360171938,True,47.589545441542356,True,414.6887964634029,True,117.6353686570196,False,34.89572605950503,False,0.957229186999391,False,15.611019719534205,False
18,350625,175.3125,healthy,1,37.442995330217855,True,452.21220220523907,True,345.18647812550034,True,93.51625552632532,False,38.12124763569439,False,1.1391432748755006,False,16.887506022361137,False
19,356815,178.4075,healthy,1,32.060648476848684,True,40.54171144215175,True,6.126283431051409,True,62.78583197304495,False,35.23599377795746,False,0.9695292062898273,False,16.850819879732306,False
20,361379,180.6895,healthy,1,33.8711299030601,True,616.0951246534419,True,166.0912320526516,True,104.13596620563969,False,35.346166263556086,False,0.7572884394531313,False,13.833477780212306,False
21,429101,214.5505,healthy,1,31.896820249882303,True,53.0535922069689,True,55.22860844168804,True,86.72646629652198,False,33.56698085529216,False,1.1295152275126936,False,15.176844903541031,False
22,436523,218.2615,healthy,1,34.668850174036535,True,256.48457707931084,True,335.9287996508915,True,100.36304393177488,False,38.52978557227098,False,0.9100410314420175,False,17.060043488738323,False
23,461591,230.7955,healthy,1,42.283845529325106,True,129.46815801357874,True,350.65410246631893,True,104.42467393652662,False,38.36624283887099,False,1.2280712747701874,False,19.171881290429283,False
24,474000,237.0,healthy,1,31.93525422747578,True,68.40432632523004,True,219.3191266346737,True,95.69678830072613,False,35.91503538051582,False,0.9216856805813287,False,17.661099656049256,False
25,485420,242.71,healthy,1,30.07164947802821,True,57.54209464332153,True,93.19885621459935,True,83.50983693432066,False,33.53879400605354,False,1.0021379142054767,False,15.677652917309329,False
26,490286,245.143,healthy,1,32.0906368736271,True,616.6473960708271,True,369.32393397501846,True,106.23203358944713,False,32.138270866559935,False,1.5793124156336211,False,15.441588408540644,False
27,509072,254.536,healthy,1,31.26003011879031,True,161.09255296318625,True,882.9484563832525,True,79.50147694825236,False,32.87976680550445,False,0.6990657074293529,False,15.871243169140254,False
28,515051,257.5255,healthy,1,28.678701598326214,True,213.21792700728147,True,471.7495600270113,True,90.60182064513509,False,31.952357400453092,False,1.244876859090763,False,12.68562899105706,False
29,521274,260.637,healthy,1,29.03710339660723,True,64.96946118887267,True,262.4404982367869,True,106.72954236419216,False,33.71076077357503,False,1.4337803957982809,False,15.055630921916112,False
30,532629,266.3145,healthy,1,26.72496911800991,True,40.52816578813006,True,35.3535698767175,True,111.27809821475383,False,30.35171076558548,False,1.017760342884911,False,11.460127249781301,False
31,547807,273.9035,healthy,1,19.514804764139924,True,35.71721930467071,True,5.7453085616941255,True,118.07338721570267,False,29.72028224758605,False,1.1506288964245628,False,15.184138750046149,False
32,552890,276.445,healthy,1,21.784714271163246,True,30.80159211815316,True,33.139491407818795,True,91.56701790624271,False,30.509146635562395,False,1.169431240123881,False,15.803859068777914,False
33,559038,279.519,healthy,1,28.231307066092164,True,660.2904866723243,True,294.0755756858125,True,109.68397696138786,False,34.42131139978539,False,1.3092244793351755,False,15.245114434246151,False
34,578147,289.0735,healthy,1,29.939744123067,True,959.5551254217836,True,329.0467931020493,True,123.48377821913087,False,33.991053655160215,False,0.8985455944840941,False,17.20903331116909,False
35,584545,292.2725,healthy,1,29.811156242984797,True,465.86955510159584,True,412.67986861899965,True,37.875979884986194,False,34.494698091639236,False,0.7182352731811699,False,16.01223006195257,False
36,588381,294.1905,healthy,1,185.73365502629701,True,16.9190653248668,True,26.0970475781793,True,26.112913961803265,False,3.6729214487532404,False,1.5737969489042274,False,2.2204448769886715,False
37,591233,295.6165,healthy,1,79.70301833398584,True,11.386877504444342,True,27.885709668322804,True,54.912955983963634,False,3.190233477265882,False,1.0425758241025125,False,1.282329340181454,False
38,604352,302.176,healthy,1,27.634463152500004,True,686.2262955162744,True,291.78131547269345,True,20.97191394183745,False,32.018363689061985,False,1.3340302911791382,False,15.609388376570383,False
39,615820,307.91,healthy,1,27.99956135062015,True,26.924404017200384,True,11.286090362897994,True,44.230538697404036,False,33.72082698079788,False,1.3909943475691344,False,14.570067618256212,False
40,620530,310.265,healthy,1,28.750097174395925,True,422.16830368397865,True,1065.3823343652068,True,42.18592754969606,False,35.95710403104975,False,0.9075173765544712,False,14.189117625067649,False
41,671848,335.924,healthy,1,19.25931080208284,True,104.94627359045367,True,169.38251483413197,True,24.91673381064147,False,4.300024903860209,False,0.8013723529202507,False,7.7846375175724685,False
42,677330,338.665,healthy,1,31.44272985809077,True,197.2962794325985,True,658.1408251108855,True,42.48204897996662,False,35.42678496962564,False,0.8437244838813533,False,14.738318548054767,False
43,700223,350.1115,healthy,1,35.43942742595951,True,641.4031472528915,True,102.37011373578635,True,41.30960436826772,False,37.654799893099344,False,1.303900703613526,False,14.684394941681793,False
44,715809,357.9045,healthy,1,30.564524196132965,True,715.6729904907222,True,1139.7172477119432,True,97.89842061911908,False,39.926979663916036,False,0.9414638466772591,False,12.767482314485587,False
45,719522,359.761,healthy,1,6.425777463663841,True,11.809994888332888,True,5.51256588714347,True,34.10811685814675,False,4.596622520967724,False,0.8393539353953374,False,3.631191554372638,False
46,737732,368.866,healthy,1,29.55399849248493,True,152.59367869667034,True,203.26689050404622,True,62.679585317065545,False,36.802796601240715,False,1.3567260550513127,False,12.581484965206727,False
47,751564,375.782,healthy,1,34.15784130554572,True,91.9206219023826,True,2.6728269751049205,True,48.87438539714425,False,4.606856713566593,False,1.1234413150508908,False,5.273083344537337,False
48,771518,385.759,healthy,1,12.46966263555677,True,81.43699738618699,True,2.2186079851269227,True,27.7031836109772,False,5.355583503342361,False,1.2894203208540589,False,2.3734645473285263,False
49,781721,390.8605,healthy,1,12.970074691078484,True,68.6541068898403,True,78.76442758001934,True,46.62918470124027,False,5.578188689167101,False,1.3206078401181682,False,3.794670098604764,False
50,852969,426.4845,healthy,1,5.938218423510072,True,29.308419699301762,True,4.684655403680789,True,59.3922304972962,False,11.833472628089398,False,0.9602709151878168,False,2.9597804867640276,False
51,939745,469.8725,healthy,1,8.619462688144448,True,80.03530023152841,True,11.09865568492267,True,27.43879636365664,False,11.075672858957828,False,1.2020595799337745,False,3.5299694043345387,False
52,955226,477.613,healthy,1,23.666399580279062,True,799.571314933285,True,1591.4881485581964,True,111.36860266289915,False,36.56124843023596,False,1.483012683723687,False,17.336948530604616,False
53,990404,495.202,healthy,1,15.221177844262929,True,27.47406020339174,True,14.692209537989498,True,31.08052238452453,False,13.651673994697585,False,0.7074508372426147,False,2.4373994204288616,False
54,997685,498.8425,healthy,1,97.87106538074059,True,24.674045880539246,True,3.647345280977534,True,45.109608575647435,False,14.558752101199389,False,0.9264444107110974,False,2.8865845396403382,False
55,1005576,502.788,healthy,1,16.723040303877728,True,9.833146229376002,True,2.582484410135241,True,22.239570163865444,False,18.20591082469847,False,1.089269217191272,False,1.9073083041974452,False
56,1080537,540.2685,healthy,1,20.668713671521246,True,194.19330032919186,True,74.79237939531853,True,48.71702574173655,False,29.835925747969814,False,1.0521857775277381,False,10.983871419474887,False
57,1085553,542.7765,healthy,1,24.369147352595164,True,586.6134097229582,True,361.2667429862869,True,61.215339057578575,False,31.965811989429906,False,1.129596578668247,False,12.44248196284157,False
58,1097503,548.7515,healthy,1,17.634463259126555,True,86.48733122838193,True,271.22576663477173,True,85.72938257852934,False,26.765104593464493,False,1.0622639643307872,False,11.976111946309654,False
59,1119994,559.997,healthy,1,14.112229790724477,True,108.66037826629541,True,140.411486498096,True,35.067510456831315,False,8.958130585834201,False,0.636415619473753,False,2.6204505883819618,False
60,1266062,633.031,healthy,1,12.36801232810691,True,8.75297450457225,True,513.8299943267824,True,36.69089469020648,False,17.15168212634087,False,0.8183143682241911,False,15.335754588546417,False
61,1268773,634.3865,healthy,1,10.456309321491473,True,2.7417182793634227,True,2.739144435262426,True,50.80178840815904,False,4.550338624652033,False,0.9713167898459816,False,3.8143472528042475,False
62,1273234,636.617,healthy,1,8.728623013295051,True,7.351489977131527,True,151.01052596987353,True,44.8621941812981,False,4.806136035817481,False,0.9146094050243981,False,4.931357373765651,False
63,1281545,640.7725,healthy,1,57.70553797651317,True,29.307899454902206,True,278.08050253773723,True,69.62617524149634,False,5.3125139874955485,False,1.4653373516224897,False,3.443408641118649,False
64,1290810,645.405,healthy,1,99.70835791419836,True,26.29025255714385,True,131.68491837417815,True,38.02623311506216,False,4.7990251082946225,False,0.8118918385608449,False,3.893705704868697,False
65,1328765,664.3825,healthy,1,98.4565073500743,True,7.275632020264054,True,80.13948260182147,True,190.2266100068037,False,6.87079402491291,False,1.3562197930963538,False,1.4279673987019323,False
66,1354090,677.045,healthy,1,10.859254068347347,True,93.91855315246201,True,103.30491264828346,True,164.3574698015675,False,10.30131404145257,False,0.7382799811416139,False,2.5035120063488447,False
67,1358211,679.1055,healthy,1,9.315499573722432,True,71.50549276767704,True,121.23317937463459,True,267.054890922711,False,12.546460418445596,False,1.0985265275537837,False,4.265323167119924,False
68,1361420,680.71,healthy,1,9.49150605771434,True,124.0683327277315,True,105.48304184382803,True,168.9974974892129,False,11.190026483981878,False,1.1624909657704383,False,3.0577489927227264,False
69,1373869,686.9345,healthy,1,141.82286964667895,True,81.04018014728251,True,112.74154017995082,True,110.32820570610362,False,7.792505980605512,False,0.9985298188547573,False,2.955893532708709,False
70,1403731,701.8655,healthy,1,66.51281204419041,True,28.747600321401528,True,56.13029551345403,True,193.46943873885579,False,7.678746019497453,False,0.8721090985104734,False,4.615376390042897,False
71,1422625,711.3125,healthy,1,18.104611485618584,True,10.058667453563405,True,180.51065096097614,True,113.82887015535434,False,6.545399109522948,False,1.1571439238858872,False,3.0386365048723696,False
72,1428868,714.434,healthy,1,30.952442357699184,True,56.39238950617042,True,6.4708601329708895,True,118.226016901711,False,27.49223355525237,False,1.048388276505034,False,14.924099218886273,False
73,1432506,716.253,healthy,1,33.341987439089365,True,1017.9932609073688,True,989.6906967679618,True,157.0503747313898,False,30.11447899138068,False,0.6649722704207144,False,18.67418485655857,False
74,1446718,723.359,healthy,1,31.075531472925935,True,751.4543160574003,True,908.7909736031644,True,115.76466405043482,False,26.229953871650896,False,0.9301876130280916,False,16.57388601071328,False
75,1452311,726.1555,healthy,1,30.299177702339676,True,527.6796682569972,True,665.412351102468,True,119.2832436727361,False,27.066585179906316,False,1.1879101492423578,False,15.644522200664847,False
76,1457743,728.8715,healthy,1,31.39394980767821,True,504.9941699564746,True,519.1546318037338,True,142.1357236585687,False,29.214080496307606,False,0.9866130294880155,False,18.68514402488551,False
77,1465324,732.662,healthy,1,34.11418799903148,True,592.4877130519557,True,1320.2547052066725,True,108.27402278281694,False,29.005513160760522,False,1.4073104331965984,False,15.363880269731103,False
78,1474642,737.321,healthy,1,32.8915125057153,True,959.8719637364511,True,804.3713046330561,True,161.6652965960605,False,28.065789782862346,False,0.7381452410022482,False,21.242199629965445,False
79,1485160,742.58,healthy,1,36.94545246148974,True,1155.0362732212338,True,1355.1990308855188,True,101.465025494069,False,28.721344256360396,False,1.104016553721054,False,17.983857567142508,False
80,1491763,745.8815,healthy,1,7.477320119605856,True,7.313723794240223,True,29.248421760123367,True,108.48405690887142,False,3.062411904290728,False,0.8858803808892524,False,3.0279613348151906,False
81,1626252,813.126,healthy,1,9.619188272391952,True,80.07668901879143,True,73.17470826462643,True,20.894144713868506,False,2.861438014479079,False,1.1339139080352552,False,4.346049639089039,False
82,1667557,833.7785,healthy,1,28.392738815945336,True,18.195322926436514,True,178.00371732010902,True,16.944341240745437,False,1.1417824771350138,False,1.0745587443375038,False,2.8689858681974454,False
83,1777694,888.847,healthy,1,31.832282517418655,True,1110.0962596518011,True,403.72712576404945,True,16.389198995957805,False,20.611231665727527,False,1.1610987508351989,False,17.863492600169863,False
84,1855980,927.99,healthy,1,10.37379891107091,True,6.387772157175078,True,21.185921415665987,True,8.038536569732582,False,2.46481274870423,False,0.7519412554292764,False,3.588306042035507,False
85,1868191,934.0955,stroke,6,3.63389147561576,False,8.10232479612484,False,116.05955057446542,False,11.654146140460817,True,1.4829974429539412,True,0.7233752066288024,True,6.329759828779375,False
86,1873911,936.9555,stroke,6,4.184661817343597,False,8.54234234013693,False,6.974020549317602,False,2.6066431503168626,True,1.87993810455904,True,1.1433050719225197,True,5.886887821353558,False
87,1878334,939.167,stroke,6,27.996270438739103,False,8.838884110064022,False,8.165647225747463,False,12.936162355697334,True,2.4757163917220604,True,1.4002915274830132,True,3.7922189616303696,False
88,1881397,940.6985,stroke,6,25.827873178708707,False,6.194482597202588,False,11.2402009261489,False,5.061184224417266,True,1.2804738385255128,True,0.7273245521485323,True,1.9256831058697963,False
89,1886632,943.316,stroke,6,33.350703249043725,False,14.568174964600384,False,34.36904261982359,False,5.837485458227603,True,1.5821188650782716,True,0.8698448587125491,True,7.841506741774057,False
90,1897963,948.9815,stroke,6,33.17352798975111,False,11.489919856684384,False,6.663449068253623,False,14.146225002034555,True,3.6911786397368807,True,1.2245325201923034,True,4.765599502314912,False
91,1905119,952.5595,stroke,6,36.28270159174764,False,14.62602873236468,False,9.482451594809646,False,9.713287415493397,True,2.5476035317799424,True,1.131400986123154,True,3.1674994148626023,False
92,1926945,963.4725,stroke,6,42.58159056916185,False,5.228940485799325,False,8.985707680011394,False,44.81040367974069,True,2.7810964822710584,True,1.3305861615698973,True,4.500079353028228,False
93,1930980,965.49,stroke,6,24.448222332986255,False,6.452711190423543,False,7.994323687698945,False,35.15823415104737,True,2.585211842886765,True,1.010169438403678,True,3.55226509310361,False
94,1934331,967.1655,stroke,6,37.80382300616675,False,11.399541669197893,False,7.493387907589696,False,11.098720044536801,True,1.6127365936388194,True,1.0056599862389266,True,3.659152250354012,False
95,1953998,976.999,stroke,6,27.355629402015325,False,15.940080841572122,False,284.9334529343132,False,20.190326648681214,True,2.1270791328293477,True,0.9990533256312322,True,3.5745375017104637,False
96,1960412,980.206,stroke,6,19.161906121660728,False,7.047138634057061,False,11.190298946485333,False,10.089341075010577,True,1.6389366143447242,True,1.1884821472266751,True,4.352291730041443,False
97,1970329,985.1645,stroke,6,8.835804891076641,False,22.79149016977962,False,24.35287023564119,False,6.943839171415483,True,2.8123984829314033,True,0.8862452600982329,True,6.664116594374242,False
98,1972901,986.4505,stroke,6,3.2957716857226185,False,7.70339697469165,False,24.881934053715934,False,14.061081708636184,True,2.0237675852287618,True,0.8339947440083026,True,3.2794178990747764,False
99,1977757,988.8785,stroke,6,3.2060052649971746,False,8.623482510422736,False,31.738695519629417,False,17.137756284995696,True,3.522690937340949,True,1.057131181430887,True,2.4571489341481345,False
100,1985606,992.803,stroke,6,3.7474582315718554,False,14.20625192937798,False,5.597560338426312,False,53.57717519860711,True,3.0695370243447373,True,1.2125922960928954,True,2.8559732776176205,False
101,1991597,995.7985,stroke,6,2.4223409830911726,False,14.164956668074659,False,4.06439860762741,False,23.53187521410451,True,6.490160702004044,True,0.8243680809197702,True,3.3040033323695797,False
102,1997846,998.923,stroke,6,2.876476778975408,False,9.749226113956428,False,4.988357876595081,False,31.356434665287544,True,5.21782936635488,True,1.1297582137760922,True,4.024100774732345,False
103,2010031,1005.0155,stroke,6,2.342553692808672,False,9.943181336865514,False,7.134873032050014,False,37.733907601490856,True,4.554751283329158,True,1.1441774369430153,True,2.592502325135052,False
104,2020408,1010.204,stroke,6,3.6550898228011364,False,10.913466124280475,False,9.51606854387229,False,19.956637636196113,True,2.590093383118741,True,0.679310448663918,True,3.7442539849260728,False
105,2025188,1012.594,stroke,6,2.6718749894353104,False,14.713466293037026,False,7.1645275272643225,False,20.114133602488053,True,2.4442166245713377,True,1.1112636583358222,True,3.299569354850986,False
106,2038956,1019.478,stroke,6,44.05097414212008,False,6.06500379736168,False,4.360131329771819,False,16.38813888093283,True,2.7557736221727636,True,0.9395131699947437,True,2.9839032560652736,False
107,2044905,1022.4525,stroke,6,30.105638585776404,False,6.378516782206853,False,5.428618929556216,False,13.416293627470841,True,11.977496923329662,True,1.1847390505221562,True,10.057409481646356,False
108,2046925,1023.4625,stroke,6,20.184948082474122,False,10.701677338728262,False,3.7712940093808225,False,14.49880410095143,True,3.1983903610293694,True,0.9575936601854389,True,4.137615063753429,False
109,2052088,1026.044,stroke,6,42.14529600047482,False,6.813696165416123,False,52.50108276212304,False,32.896999062082855,True,5.533820210092525,True,0.939615869401623,True,5.682427428672735,False
110,2054278,1027.139,stroke,6,44.07379265647239,False,10.545303813313852,False,139.19246719418655,False,60.82144680437045,True,8.465314362633173,True,1.0469499182578115,True,2.857091658526306,False
111,2060117,1030.0585,stroke,6,19.546770875923166,False,6.158746467650612,False,33.39548110484121,False,67.93345762476281,True,5.08504057735955,True,0.918336689717495,True,2.965135389515773,False
112,2066406,1033.203,stroke,6,31.43276757782491,False,16.503469739414424,False,2.850576554391326,False,55.956554297208584,True,3.631505174814662,True,1.0621544348884229,True,3.6721203766177526,False
113,2074529,1037.2645,stroke,6,43.13882945279994,False,8.178421291000816,False,6.782387070792311,False,39.322972386537764,True,3.459206454791949,True,0.685176936767738,True,2.257600020531334,False
114,2080878,1040.439,stroke,6,29.406806152641117,False,5.111287087725369,False,5.333627596879239,False,28.520282324685404,True,2.872697171204033,True,1.342872797035187,True,3.5823783438516283,False
115,2086341,1043.1705,stroke,6,44.298182792432016,False,6.2701856444681034,False,9.867460300643842,False,65.03064182641361,True,4.911927115995204,True,0.9192234858725334,True,3.1774036366569347,False
116,2090936,1045.468,stroke,6,21.64897493663392,False,4.247202536397606,False,6.527232365194986,False,54.59864626805958,True,3.8932979467095024,True,0.8016869702680698,True,2.021536205555423,False
117,2093929,1046.9645,stroke,6,42.979013154415156,False,5.011910300228476,False,6.746863623143098,False,41.25797553337256,True,5.290624125721358,True,1.2396010244280498,True,1.9263855797356668,False
118,2104662,1052.331,stroke,6,19.478924023099882,False,7.338066160678463,False,67.79527903809951,False,49.755823286088265,True,3.9912445124484908,True,0.9826096823868582,True,3.0574850720135904,False
119,2112680,1056.34,stroke,6,28.917246537490207,False,8.344297601490943,False,198.4960459396796,False,54.89048000410733,True,3.036873726565175,True,1.470635522082223,True,2.18177023224322,False
120,2124320,1062.16,stroke,6,10.976669569833046,False,110.291716549489,False,45.64769153339887,False,51.35433314618965,True,2.9284163120077036,True,1.1163782778072673,True,5.3953950414102545,False
121,2128944,1064.472,stroke,6,5.5131082926664305,False,11.27263119876677,False,155.25471948722466,False,45.65006469529317,True,4.239312431580352,True,0.7141277477573564,True,3.208445350215166,False
122,2138188,1069.094,stroke,6,6.393328963940448,False,23.912091591264144,False,256.86782616554717,False,97.90389917617313,True,5.889143549170795,True,0.9521221119408795,True,55.75700756570735,False
123,2143818,1071.909,stroke,6,6.168297225972522,False,15.715437125258433,False,591.0115168743137,False,44.79111262979527,True,7.550830845214087,True,0.9520026760281393,True,58.951945830682455,False
124,2149549,1074.7745,stroke,6,3.27667869930994,False,21.74799753770405,False,804.914350372123,False,56.06623878863674,True,9.095065711495359,True,1.3410283760963586,True,69.59485084934661,False
125,2152150,1076.075,stroke,6,2.9313437190991145,False,10.393886292487705,False,243.79770107088802,False,74.03977046456211,True,8.239089527628352,True,1.1633283845060123,True,35.940243378938874,False
126,2167283,1083.6415,stroke,6,2.4944099668030604,False,55.45375167357611,False,933.7460179556908,False,51.602890772321985,True,6.044055962996024,True,1.198003104915971,True,19.63812757644165,False
127,2170467,1085.2335,stroke,6,2.6792617962881335,False,20.37237164059239,False,237.62589214261848,False,83.09016860699121,True,9.577782977734294,True,1.0830818170506142,True,67.41152340212365,False
128,2176904,1088.452,stroke,6,2.938699090668799,False,25.784002335866873,False,915.7198322166732,False,64.56157014757292,True,7.069469516185187,True,1.1373317043329418,True,131.08941514188206,False
129,2182619,1091.3095,stroke,6,2.098300205626649,False,12.511745607698526,False,262.2574593132798,False,65.32262403335545,True,4.876220825723334,True,1.1404083040593487,True,54.2739674535829,False
130,2191026,1095.513,stroke,6,4.09140966385134,False,20.30976558727607,False,389.4150938867701,False,123.53708901015074,True,7.481516991719432,True,0.9301325849094082,True,8.66653654939325,False
131,2194718,1097.359,stroke,6,3.5567642127119234,False,19.21950256209792,False,222.09253702162573,False,205.89153513643143,True,5.980723081667551,True,1.216747672436111,True,13.619210835173284,False
132,2208203,1104.1015,stroke,6,2.3754710373580425,False,12.13863297985754,False,34.77228063033591,False,107.58858555932699,True,14.422468606620825,True,1.1356230372227931,True,31.41445251440116,False
133,2214117,1107.0585,stroke,6,4.281060219014255,False,11.975938141245951,False,141.16418765922145,False,130.9138985368232,True,14.324071307201558,True,0.9807145241209521,True,71.91057487918712,False
134,2218292,1109.146,stroke,6,3.433656641278146,False,5.892680316450944,False,12.217744270301388,False,100.31696274247797,True,9.760643670062416,True,0.9187228926874476,True,74.39441645260366,False
135,2229102,1114.551,stroke,6,5.088785256252157,False,7.343881358634691,False,8.426572417382008,False,112.59824515728646,True,12.447914734398505,True,1.2061376676354967,True,2.112235431839123,False
136,2234207,1117.1035,stroke,6,5.635558553887181,False,4.815462688053495,False,7.270714556838845,False,100.29624042821553,True,12.529984346740324,True,1.176329195901713,True,7.2891345339252585,False
137,2236681,1118.3405,stroke,6,6.19986122265601,False,11.933508857131145,False,5.649700502610297,False,59.426277450864106,True,5.045794880784737,True,1.0302589348632525,True,3.3695611794088016,False
138,2245177,1122.5885,stroke,6,5.683587027766027,False,10.942755022121508,False,6.1669724212996275,False,49.537954493061775,True,7.136247602822828,True,1.0001758425696259,True,3.303688880014354,False
139,2248089,1124.0445,stroke,6,22.820658268789998,False,15.01785027964411,False,4.790455721715832,False,15.381722979538544,True,7.955995274382469,True,1.2078778302627096,True,2.3443674296309016,False
140,2251532,1125.766,stroke,6,32.37168361823406,False,9.667669185403284,False,138.107980001172,False,19.537880373399474,True,10.390589378596973,True,1.2355500769962702,True,2.0189020739525336,False
141,2270794,1135.397,stroke,6,28.20528473495482,False,20.459244572047943,False,10.94385445943393,False,8.823427286934471,True,3.7754541138587,True,1.1094395624715112,True,4.427245697141704,False
142,2274477,1137.2385,stroke,6,25.783586540229138,False,11.900466281814403,False,6.134622662111469,False,12.332813368343944,True,2.7467261370336287,True,1.4303611995343841,True,2.2883760217759366,False
143,2285799,1142.8995,stroke,6,29.77240009879336,False,11.279693715816133,False,4.696044724894359,False,13.89325980035466,True,3.0590577628207267,True,1.0327192971290682,True,2.1930822156690812,False
144,2292056,1146.028,stroke,6,26.044790343825056,False,12.975251185898838,False,10.235631063628817,False,13.384158630775104,True,5.209182190166096,True,0.8116804065109016,True,3.1881259907801733,False
145,2296028,1148.014,stroke,6,26.019753621214512,False,9.468632480518941,False,4.830502777193365,False,11.05892520940572,True,2.7591642320933922,True,0.827012639767063,True,2.407747245469378,False
146,2300441,1150.2205,stroke,6,26.211209129719286,False,15.18405909906023,False,5.0939724251490786,False,44.24721782584494,True,3.648620665304347,True,1.145241864578023,True,1.807639389701794,False
147,2304941,1152.4705,stroke,6,25.289578841540838,False,17.333032344885684,False,9.51554108633218,False,13.275172962210613,True,3.3979507571055514,True,1.3175640318387725,True,2.0353290220091167,False
148,2310505,1155.2525,stroke,6,28.5899746862758,False,8.734498516092755,False,6.395521977666582,False,24.85485833017727,True,3.604532776446087,True,1.224254588397284,True,2.812300156119475,False
149,2314807,1157.4035,stroke,6,33.85179989781743,False,11.959501255417106,False,6.87970784835642,False,19.22433908098614,True,3.8714017418330284,True,1.2813565346345215,True,2.039288515541396,False
150,2332160,1166.08,stroke,6,22.081966738807395,False,24.618219247204667,False,19.20973261288537,False,21.335111074028916,True,4.0592200215100425,True,1.0319563776633602,True,1.779818700166139,False
151,2344600,1172.3,stroke,6,26.85044597046437,False,6.382380980961823,False,5.0872833535759305,False,12.681944624410017,True,3.315539122692266,True,1.169342240811115,True,2.312482228633627,False
152,2348183,1174.0915,stroke,6,45.177852859562115,False,102.21761321874065,False,17.501629013429028,False,17.502014457935225,True,2.354601281877696,True,1.148852597317849,True,3.0745670464342654,False
153,2355322,1177.661,stroke,6,15.652914642620335,False,11.569503566010281,False,3.385813978287649,False,5.982412182126893,True,2.42509307187266,True,0.7235037223753269,True,3.237869078837269,False
154,2361585,1180.7925,stroke,6,21.014886648089753,False,10.97011846046252,False,4.690358574118747,False,8.378478902038268,True,3.4186085990574,True,1.327524171207274,True,2.0581649478986006,False
155,2371455,1185.7275,stroke,6,163.7813043471942,False,4808.680944460182,False,601.4607079185589,False,66.55231250425804,True,47.86331513654799,True,1.1161562318784222,True,74.34917193502115,False
156,2377214,1188.607,stroke,6,18.14420278987704,False,7.09996830738641,False,6.169373671119995,False,8.672825707061524,True,1.6314333024157968,True,0.963306765767515,True,2.5316036304441387,False
157,2382202,1191.101,stroke,6,167.36159387223623,False,4499.44551798711,False,576.8216917544995,False,71.73236221265748,True,45.873104537719676,True,1.1286799868362458,True,73.34950927539523,False
158,2386834,1193.417,stroke,6,13.180619268697034,False,10.81550494782715,False,4.522884393883962,False,11.9824654985504,True,2.999288034827028,True,1.0578645659944628,True,2.095204499850309,False
159,2406536,1203.268,stroke,6,18.537430145832165,False,10.171700078890819,False,15.72941144828495,False,13.803324607934044,True,2.040743268257576,True,1.4637853233403506,True,4.117788704838823,False
160,2408954,1204.477,stroke,6,12.992677567465527,False,11.133273854540562,False,9.869566899355789,False,4.766493154804479,True,1.5865646485595613,True,1.1115585143375646,True,3.418206419100449,False
161,2414055,1207.0275,stroke,6,15.993403730693553,False,10.225072192264214,False,125.06083614328713,False,36.283566384030586,True,2.5257423693152945,True,1.2182629507284628,True,3.4511801636487602,False
162,2430553,1215.2765,stroke,6,7.885151325115975,False,9.12701338845839,False,277.64206552985604,False,7.404322635545908,True,2.2123095249275453,True,1.1543463519741102,True,3.090228666284078,False
163,2433050,1216.525,stroke,6,18.393118044567842,False,21.233153754875726,False,11.050420863738768,False,45.00244491640228,True,4.78962844056757,True,1.2766197294056156,True,5.808245164742036,False
164,2449737,1224.8685,stroke,6,15.030968410573637,False,9.481073066517446,False,17.94697690354804,False,7.07813070871269,True,2.316917959630775,True,1.1441426708448676,True,2.296256989580656,False
165,2452507,1226.2535,stroke,6,15.381849991842131,False,10.488666563475057,False,39.3177373541132,False,5.549457588308615,True,1.3974172406210579,True,1.0021088058432632,True,2.0999321415016974,False
166,2455702,1227.851,stroke,6,19.14005465622358,False,6.29182906030023,False,288.61163951594153,False,11.871204988990527,True,1.5467044516735036,True,1.1787820003536074,True,1.0890316382054364,False
167,2464321,1232.1605,stroke,6,23.088124362908594,False,9.525937816797043,False,5.165045525663016,False,14.504175102650018,True,1.7758480017579779,True,0.8919501971835746,True,2.859949544984204,False
168,2472313,1236.1565,stroke,6,23.522878749521045,False,5.633328541837688,False,9.615134936523555,False,11.371127984611608,True,3.5928123217182533,True,0.9015632639908441,True,3.3619677883159103,False
169,2481537,1240.7685,stroke,6,23.472387783844813,False,14.50863534874223,False,4.1983298504943996,False,6.7456317007958795,True,2.028446785728421,True,0.6496226395174762,True,2.4308493887801763,False
170,2486420,1243.21,stroke,6,26.82219009039252,False,13.343136592481965,False,8.132001743046853,False,6.658103533924622,True,1.4918115102308211,True,1.2029310970747185,True,3.341262035580786,False
171,2493028,1246.514,stroke,6,30.89631469303867,False,12.287802345700499,False,175.5417665094854,False,5.059909260136831,True,1.2639152187647356,True,0.9174144607145427,True,1.700078598986261,False
172,2502633,1251.3165,stroke,6,31.24288119289224,False,10.555870076507311,False,6.0705513756510445,False,7.003805081256664,True,1.927087766778269,True,1.095962464490857,True,3.623900984852256,False
173,2511152,1255.576,stroke,6,24.972710639595174,False,17.569127407417536,False,110.60927319766297,False,5.116006776308899,True,2.247325185907157,True,0.7617472859313666,True,2.462393234580313,False
174,2522018,1261.009,stroke,6,24.397506924232488,False,12.838079720273887,False,7.676540063958093,False,7.049523176182488,True,2.5007677222489044,True,1.149047907137613,True,2.740932698013755,False
175,2532718,1266.359,stroke,6,29.705218759606314,False,11.191924992074876,False,12.682331983954123,False,6.715517962174202,True,2.046087145109537,True,0.9867573973706443,True,3.2451365651809523,False
176,2535869,1267.9345,stroke,6,34.10972577708764,False,11.649258157879519,False,107.4580367459836,False,10.869508798686686,True,1.8716079190296413,True,1.1104233333600897,True,1.3394583574699466,False
177,2542590,1271.295,stroke,6,36.54349285604687,False,13.881413009341742,False,47.38108417917825,False,11.52584359786323,True,1.77169429838842,True,1.097706022544074,True,3.168396145425702,False
178,2553624,1276.812,stroke,6,25.83108304300673,False,9.526456163706372,False,8.176801504538073,False,10.761976080666564,True,1.2089485536229907,True,0.9673316662454781,True,3.8525955070490925,False
179,2569850,1284.925,stroke,6,24.40094603077786,False,27.843744910193465,False,131.69460961328556,False,7.684831801660681,True,1.9887552289778583,True,1.1865106734282178,True,2.940153159578813,False
180,2572569,1286.2845,stroke,6,25.30628771045512,False,12.892927930535672,False,99.3424874092574,False,5.4873025206971935,True,1.7011935393287576,True,0.8632002715404283,True,3.3705831155189716,False
181,2577847,1288.9235,stroke,6,30.838623130587873,False,8.521056211956523,False,23.71917121606573,False,7.3257505569941745,True,2.022871794593706,True,1.0650483033042957,True,2.9872152781267998,False
182,2588592,1294.296,stroke,6,39.14295616897792,False,7.753254339516271,False,5.244429882106233,False,35.784374281309354,True,1.826054933252982,True,1.3280573700984006,True,3.2900737394911315,False
183,2592152,1296.076,stroke,6,26.85465726175194,False,5.23356661517201,False,138.46898473746444,False,11.929221114540436,True,1.5534154428826659,True,1.1691097707390004,True,2.898589825574545,False
184,2608104,1304.052,stroke,6,50.862331244316834,False,10.21082734928493,False,8.376662501934987,False,6.910027795447346,True,1.2845300386060503,True,1.1353368454521255,True,2.3464661490309187,False
185,2612500,1306.25,stroke,6,24.99605781343026,False,16.55476959448173,False,53.20950252959223,False,20.6849823961279,True,2.488005994508243,True,0.9219549640682906,True,2.6323547645767227,False
186,2633201,1316.6005,stroke,6,25.844249990193127,False,12.689064950817496,False,13.338523898561501,False,8.959132082857769,True,1.783205179574783,True,1.1618023835513864,True,3.7694298556942414,False
187,2640293,1320.1465,stroke,6,25.36189004554455,False,10.977878521899818,False,6.449240367864065,False,6.895139345625019,True,1.363638341057535,True,1.0840930689889006,True,3.2189915447184214,False
188,2648158,1324.079,stroke,6,29.384466796354438,False,12.081606723870758,False,9.393776878568413,False,10.992074873623991,True,2.220519590397009,True,1.3758725975524169,True,3.497576444145441,False
189,2666419,1333.2095,stroke,6,27.949719207889565,False,32.159347124783224,False,13.867678247877368,False,8.76755814638468,True,2.195843777006912,True,0.8282734037630819,True,1.9794363997052014,False
190,2674557,1337.2785,stroke,6,46.950076649739685,False,13.121516888783237,False,9.637278880488177,False,5.562745756330911,True,1.4307492662273016,True,0.8636185763953451,True,3.081442130641452,False
191,2683873,1341.9365,stroke,6,37.8031403706417,False,14.97408697527816,False,5.874776039994158,False,9.228433051830894,True,2.7151991672732674,True,1.0415318021133446,True,1.5181730586403095,False
192,2688251,1344.1255,stroke,6,39.699830477260775,False,16.448922635391348,False,78.26419349574121,False,6.960937447637902,True,2.324829347568533,True,0.7463270633662972,True,2.022196684212873,False
193,2694047,1347.0235,stroke,6,23.55590099215475,False,59.63565943975041,False,24.10448644949781,False,18.724996699237273,True,3.4117703087044493,True,0.7197351127850524,True,1.7243929757189438,False
194,2699609,1349.8045,stroke,6,23.79624183202941,False,7.380039658059209,False,3.9330814892030306,False,13.524417361255072,True,1.794832868770225,True,1.4645187703726825,True,1.5362621947156088,False
195,2712298,1356.149,stroke,6,126.52193095005116,False,4618.2751373980045,False,1526.4584565201737,False,61.17010467049853,True,32.74441719464779,True,1.2434233040940357,True,74.25314724473557,False
196,2720435,1360.2175,stroke,6,43.61461036927062,False,15.249859266730706,False,5.6116831574191375,False,9.382519793348198,True,2.869440360995764,True,0.9982013896458163,True,3.214613966262337,False
197,2726400,1363.2,stroke,6,51.6543770767575,False,11.725120980623174,False,9.910843118534906,False,11.270664516663288,True,2.2726262282582024,True,0.9800221915944369,True,2.7978245389784577,False
198,2732479,1366.2395,stroke,6,36.24437485422193,False,12.225130834824151,False,6.351116831340711,False,15.970932338162381,True,2.7984108897717,True,0.9779703499531949,True,3.259898540314958,False
199,2744517,1372.2585,stroke,6,7.807451274436989,False,8.798911327117068,False,9.953757020029013,False,17.700717983756057,True,3.9259042162050886,True,0.8183119534417846,True,2.333567928026725,False
200,2746761,1373.3805,stroke,6,6.0442838195851625,False,17.952486647746095,False,8.845543656763244,False,46.311590306323794,True,3.4224767738184516,True,1.1230635354281313,True,2.264218201685913,False
201,2755064,1377.532,stroke,6,9.288306161472972,False,7.5224612282626,False,7.447091835914293,False,12.392970321982768,True,3.3469615484892117,True,0.8283608347640837,True,1.6774883669308815,False
202,2758884,1379.442,stroke,6,5.726495829812423,False,11.330528675414987,False,7.975140512061341,False,11.255422596209899,True,1.5654873097990394,True,1.001402633156771,True,1.3918248080796527,False
203,2762657,1381.3285,stroke,6,9.230924561587997,False,128.3983084208448,False,51.708800792245086,False,13.516209622577854,True,1.4706124468670951,True,1.0911366889915821,True,3.681878708585699,False
204,2767967,1383.9835,stroke,6,5.724657073842746,False,16.708315471958567,False,69.66615788127073,False,32.264546859929276,True,3.79501720304362,True,1.0085694795039486,True,2.0944823918969355,False
205,2771320,1385.66,stroke,6,8.647817288526728,False,15.94688355512076,False,61.19859599747748,False,5.8736403622597315,True,1.9894524741647572,True,1.1532170688798113,True,2.2654775282247783,False
206,2779919,1389.9595,stroke,6,6.7499527874702085,False,8.3052276846572,False,169.1127773039563,False,6.746653063791945,True,2.1975621545403197,True,1.2040688569133793,True,2.390691504834755,False
207,2790146,1395.073,stroke,6,8.549880252356967,False,21.867738817837576,False,8.462106397329434,False,6.994939423111133,True,3.315933787137495,True,0.9693873389958929,True,2.436243500842489,False
208,2803411,1401.7055,stroke,6,30.02585582034781,False,15.997381068602479,False,114.18702750064108,False,29.729508359079368,True,2.832118362612871,True,1.074225107990837,True,2.2501642690021386,False
209,2807430,1403.715,stroke,6,43.231355835290586,False,19.130376214286642,False,247.16928240497336,False,11.448620457486545,True,1.8457442690621222,True,1.1509452278688777,True,5.13719594999781,False
210,2816561,1408.2805,stroke,6,33.61824072584734,False,19.792615757300574,False,7.280827901432931,False,234.65143957003085,True,2.15718169313491,True,0.9992102462906005,True,10.584375410247521,False
211,2820222,1410.111,stroke,6,32.16305516697196,False,20.153008225441255,False,20.201000927510773,False,6.984500152128158,True,1.704095166173512,True,1.1996978739405213,True,2.8295756321502115,False
212,2822512,1411.256,stroke,6,39.1663723644445,False,18.931646551517932,False,113.5727207513131,False,38.12835880447731,True,2.5931385789617205,True,0.8799149258804962,True,1.7330108351565174,False
213,2826129,1413.0645,stroke,6,41.60844452115955,False,13.336013426185861,False,8.525819306812899,False,8.520908911397878,True,1.8002583477988456,True,0.8015192162351443,True,1.4618675959472023,False
214,2829784,1414.892,stroke,6,19.77824113730991,False,12.626697683348688,False,9.384107812123036,False,12.32556137004784,True,1.67054453410655,True,1.2363971878806865,True,4.673599951627172,False
215,2832716,1416.358,stroke,6,24.406131321808715,False,17.39222516495034,False,15.313368203994665,False,43.3850924344775,True,2.6217658405683992,True,1.2655650541682182,True,5.8800414849509615,False
216,2847949,1423.9745,stroke,6,28.422820429794285,False,11.917494378995421,False,17.163703127214575,False,11.519471227938556,True,1.5563690485213484,True,1.251292362259671,True,11.545832137014546,False
217,2857573,1428.7865,stroke,6,40.63791977203088,False,7.518961138094353,False,8.88713289866332,False,6.141772796988156,True,2.8082257198161504,True,1.02189811821559,True,2.4529208737973542,False
218,2865814,1432.907,stroke,6,20.080394898497367,False,5.230569110734212,False,4.677352161169192,False,9.686590858230264,True,2.776621296133131,True,0.8746679103336596,True,2.2866872435761465,False
219,2879415,1439.7075,stroke,6,27.424850753171064,False,6.012355630420216,False,6.923973483805845,False,9.843776837232701,True,4.283532167266833,True,0.8374677838638008,True,2.5763794241483216,False
220,2883465,1441.7325,stroke,6,25.459398017399966,False,16.970483423550522,False,6.47539379532804,False,15.112232793003702,True,4.170881510167716,True,0.7380379852177643,True,1.9333549905819012,False
221,2892687,1446.3435,stroke,6,89.83792718278414,False,1369.430818407956,False,721.1190484994099,False,42.00474309300671,True,19.479711314127474,True,0.913819340099977,True,15.974486113146327,False
222,2904334,1452.167,stroke,6,28.80097713421152,False,5.809602406404762,False,2.579262925746781,False,18.595042407133526,True,3.93091355505334,True,1.1020072737352278,True,1.4429988160210088,False
223,2910487,1455.2435,stroke,6,28.8128278276859,False,6.128717242685431,False,4.223534892825056,False,12.961900130723873,True,3.171103465058681,True,0.9167132129263931,True,2.025175719511609,False
224,2912686,1456.343,stroke,6,20.29676873636214,False,7.6583895781877445,False,6.910584553056818,False,15.53539579172848,True,3.2387874597184174,True,0.9287575637605614,True,2.9589272676769727,False
225,2916765,1458.3825,stroke,6,32.279904436363324,False,6.615038815520641,False,4.0902114418448345,False,11.576936762230297,True,2.1804079913438534,True,0.770235943657979,True,1.499432831027085,False
226,2922240,1461.12,stroke,6,24.64313374005266,False,6.449086488183062,False,7.037506378155717,False,15.473765038281906,True,2.9314158807809245,True,1.327805999550997,True,2.687184358211998,False
227,2930846,1465.423,stroke,6,23.939482159765696,False,9.423514486019961,False,6.969985152045319,False,13.364120387154863,True,2.3923993736451346,True,1.2645896084898052,True,2.8452238750730277,False
228,2933123,1466.5615,stroke,6,42.29670220067601,False,4.9907485167296635,False,6.642736171125151,False,16.528022136325607,True,2.6063408652686695,True,0.8969040350115223,True,3.2958871500850515,False
229,2936801,1468.4005,stroke,6,22.52755786627302,False,5.684734441695512,False,4.402725834067361,False,10.138727393645029,True,2.014417710103123,True,0.8955854049939158,True,2.7011859550843207,False
230,2945743,1472.8715,stroke,6,30.25938388337931,False,6.771792260230423,False,5.415960024288607,False,11.223110091947744,True,1.4709036777036881,True,1.0193207166672729,True,1.9962711217314357,False
231,2956971,1478.4855,stroke,6,3.7788295713583047,False,5.14745504565433,False,7.503990494171545,False,35.43635123445552,True,2.412683962299981,True,1.226377205007903,True,1.7370374932660069,False
232,2962044,1481.022,stroke,6,29.050730623787654,False,14.106500472814288,False,4.187500675347982,False,6.50294914744809,True,1.6298570505738035,True,1.3209952311550635,True,2.1822098413948305,False
233,2965400,1482.7,stroke,6,25.73008036587477,False,7.549439746875479,False,6.297909771857013,False,8.545034439302604,True,2.326384754696744,True,0.9202685851379055,True,2.0708141924993715,False
234,2971883,1485.9415,stroke,6,20.69513047814729,False,10.44023743320592,False,4.505716997259508,False,7.986935708405765,True,2.345647846785395,True,1.0674382593761926,True,2.4091702206892616,False
235,2974819,1487.4095,stroke,6,31.92174004882157,False,11.304306835856467,False,5.501222789631838,False,29.949076534575433,True,1.7946050199218972,True,1.4319993736733827,True,1.4374791256965171,False
236,2977735,1488.8675,stroke,6,21.23136981454201,False,21.713647024736193,False,17.384241048496893,False,9.390217710820362,True,2.1215212358796927,True,1.0437441409855293,True,1.7950018989738854,False
237,2982167,1491.0835,stroke,6,29.138356204014123,False,6.056707195324293,False,9.73544322178397,False,5.068442972399374,True,1.262107190226295,True,0.983241258802603,True,1.677767290715462,False
238,2985441,1492.7205,stroke,6,39.775650663996565,False,14.525033361373616,False,12.193385186048308,False,5.171681882318888,True,2.4165314643812668,True,0.5816150608622095,True,1.298358651830827,False
239,2995384,1497.692,stroke,6,21.38700376570644,False,9.803194535555019,False,12.009441666184921,False,6.149204696875982,True,2.3841699130179674,True,1.1704320794461884,True,1.9145354066796094,False
240,2998634,1499.317,stroke,6,30.27850459838554,False,6.761378220204521,False,12.354060645120203,False,6.157514342197207,True,1.7348078091307841,True,1.0455738470614855,True,1.3657209817980878,False
241,3015372,1507.686,stroke,6,26.538200993815853,False,9.241185033703344,False,31.134635027822625,False,5.967655430081608,True,1.1802509390904854,True,1.0355901942054317,True,1.8602330940258753,False
242,3027029,1513.5145,stroke,6,5.516638947706772,False,9.152178689186064,False,8.9323925382242,False,6.055861725307405,True,1.500839505698855,True,0.8083095796790618,True,1.2488657932622962,False
243,3035537,1517.7685,stroke,6,6.205053228267005,False,14.361345331484873,False,82.46283179307402,False,22.515301378271825,True,1.776842609966634,True,1.2477089677953943,True,1.5591462085488303,False
244,3040633,1520.3165,stroke,6,4.998225163268934,False,6.76110506710801,False,7.5488230813760335,False,5.111444306534216,True,1.2004625350810372,True,0.7894511873111025,True,1.7763567825128677,False
245,3046411,1523.2055,stroke,6,5.059894375878189,False,41.89853756116104,False,209.95125423151205,False,37.46372609639425,True,2.0435745672219,True,1.2011431747969386,True,2.650969762328672,False
246,3050086,1525.043,stroke,6,10.685248771494791,False,163.83894923987538,False,223.89467146299643,False,7.976805937954252,True,1.8138853931082854,True,0.9813451083455684,True,4.612063305478316,False
247,3059150,1529.575,stroke,6,5.510042625768105,False,8.80316737875216,False,4.599420476783243,False,12.511813205776736,True,1.798230834804766,True,1.2281453823235355,True,1.5957608841059314,False
248,3065354,1532.677,stroke,6,5.633252526801347,False,8.075028888454385,False,6.509400409556503,False,11.843769281794053,True,1.4937689346169922,True,1.2814620391586793,True,2.714829577020973,False
249,3069161,1534.5805,stroke,6,6.92751963906149,False,6.535195353061895,False,4.119202535545676,False,34.48991546315328,True,2.2332168387292297,True,1.1918988669928858,True,1.7722369909011233,False
250,3071262,1535.631,stroke,6,8.28529700713981,False,10.744340310424281,False,5.4033307935206265,False,23.33631165945958,True,2.355830130078739,True,0.9222887125640225,True,1.8436191349632711,False
251,3079458,1539.729,stroke,6,5.616156004630836,False,17.234708963778964,False,14.27912754939612,False,32.16337696468584,True,5.720721582450086,True,1.076225786462913,True,41.380239125340935,False
252,3082194,1541.097,stroke,6,7.168944371053289,False,12.341689100099135,False,8.20598345698711,False,7.761769060784594,True,1.4066903147665097,True,1.0469657035549804,True,1.7171509963864184,False
253,3090647,1545.3235,stroke,6,8.070184489387891,False,7.557125877821365,False,19.39439585176367,False,10.119224380050062,True,1.8451084530477997,True,1.2396347357228885,True,1.7382570313618777,False
254,3099856,1549.928,stroke,6,15.192753703767583,False,12.97254935004009,False,98.26835344007038,False,5.923292223995166,True,1.2281449740598331,True,1.0875923769551892,True,1.6576936618021474,False
255,3106569,1553.2845,stroke,6,6.638884810110312,False,8.544154327623826,False,7.946532355533376,False,9.208101049386613,True,1.222194361696463,True,0.9147022859776457,True,2.717896430405963,False
256,3109515,1554.7575,stroke,6,5.209534075060052,False,6.086942912974138,False,6.79918868870541,False,10.245362134530218,True,1.7303545380034109,True,1.1285995249421026,True,11.406073188658931,False
257,3118054,1559.027,stroke,6,5.861735550102585,False,11.066775943273287,False,5.983732891711148,False,11.731133547142765,True,1.655668873872382,True,1.261432631116009,True,1.408836861811276,False
258,3123561,1561.7805,stroke,6,4.275046380982141,False,13.924721589503687,False,4.54684462387367,False,4.590944230750862,True,1.7220487526004211,True,1.0094497805980343,True,2.98263101131434,False
259,3129161,1564.5805,stroke,6,6.500673733052912,False,16.69610405017668,False,10.054361215176977,False,5.4466751273012735,True,1.6704799342576657,True,1.255251222952823,True,2.554166066801799,False
260,3137102,1568.551,stroke,6,7.540838115672788,False,10.062771107456317,False,4.782760640754379,False,8.46380590232663,True,1.923365304360944,True,1.1098487696430652,True,1.634126480925648,False
261,3147312,1573.656,stroke,6,8.209385885544773,False,6.250078408634543,False,5.1168007271061295,False,8.06420126713752,True,2.7613688296885917,True,1.0775380532816867,True,3.4211182310543276,False
262,3151595,1575.7975,stroke,6,11.431108106636833,False,7.210024827183264,False,5.351082856199632,False,21.3778174420158,True,2.0852563808611366,True,1.0065829604940943,True,1.4627225472779886,False
263,3159213,1579.6065,stroke,6,8.510979019444605,False,7.84010887539304,False,6.439446055400229,False,21.330044366563342,True,2.2899317992504202,True,1.2287049699276085,True,2.049495531936447,False
264,3170142,1585.071,stroke,6,7.873902865351109,False,24.571588750783874,False,13.302368018998575,False,5.656895254100638,True,1.6052275407369885,True,0.9498118169751983,True,2.326252791945374,False
265,3185155,1592.5775,stroke,6,6.242214507475673,False,5.194170284622056,False,4.802296869317105,False,6.3921801522678,True,1.5710060674809858,True,1.3439821531610336,True,1.7639251393631348,False
266,3192952,1596.476,stroke,6,5.540351430134811,False,4.571568233615017,False,6.248704846833339,False,6.299066932725274,True,1.404437601666301,True,1.0086696075823833,True,1.2715717743914288,False
267,3195163,1597.5815,stroke,6,4.654282219162276,False,8.170364727730782,False,13.520809001369102,False,41.22942734469754,True,2.440399849146857,True,0.7964203946420375,True,1.6758084924776293,False
268,3198710,1599.355,stroke,6,6.919630164179236,False,10.884526426594626,False,8.593210681245944,False,10.927390357679146,True,2.6104056630928003,True,1.3931651150865423,True,2.5213553123260004,False
269,3207554,1603.777,stroke,6,6.105879469168729,False,5.551268901272934,False,9.03550588824476,False,11.34189383697192,True,2.222049284440241,True,1.0715039618833708,True,1.2774860526341723,False
270,3213364,1606.682,stroke,6,7.116724468179285,False,9.627466540335293,False,5.379668531292573,False,6.621394382361068,True,2.3614661892250726,True,0.9269207202377275,True,1.702561860965553,False
271,3217807,1608.9035,stroke,6,4.866917408753328,False,8.75051741885763,False,6.893180664357443,False,7.6568744689554205,True,1.4440699913030974,True,1.2330350926249418,True,1.8793879994769425,False
272,3246890,1623.445,stroke,6,5.7353606687744785,False,77.92179350212311,False,66.93810690674133,False,9.80794218675792,True,2.2676424091263687,True,1.1318951725482753,True,1.7626613138134548,False
273,3254762,1627.381,stroke,6,4.672024883623338,False,7.209201035833062,False,4.25975205877058,False,8.342430533827466,True,1.809241651834421,True,1.0134025703598053,True,2.1296803850310786,False
274,3258030,1629.015,stroke,6,6.540573304050332,False,7.041192273134881,False,29.726238847305595,False,14.587917322964085,True,1.7743132602934588,True,1.1668529664828329,True,1.598219856645208,False
275,3262508,1631.254,stroke,6,5.348343617120946,False,7.937386131484956,False,48.3376583896248,False,6.209097692024934,True,2.2410867488276844,True,0.7918185270331705,True,1.4498565536179364,False
276,3268559,1634.2795,stroke,6,4.622077313450957,False,6.748812757581674,False,82.44635451866388,False,11.07976151826363,True,2.113176491581869,True,1.11595394597559,True,1.6735026684747667,False
277,3277165,1638.5825,stroke,6,3.6023292707163783,False,6.733163105860244,False,95.45595477635703,False,7.380701658000685,True,1.2832984308126525,True,0.9561883099001611,True,2.1527024975908766,False
278,3290130,1645.065,stroke,6,2.043136169961512,False,6.5889339256196156,False,11.544691883893417,False,12.344408111391765,True,1.7689585419582121,True,1.1783080025793993,True,1.5637192949876622,False
279,3293288,1646.644,stroke,6,2.4237926349741485,False,6.427160186453914,False,6.4055876445220274,False,10.321283020267812,True,2.271079157088714,True,1.4314157714197238,True,3.8347783142456597,False
280,3303687,1651.8435,stroke,6,4.017769246574579,False,6.496836199530552,False,7.19750183486898,False,11.118338340561216,True,1.3206960723088885,True,1.2370181614495153,True,1.3985266583544855,False
281,3308748,1654.374,stroke,6,3.5242339438998087,False,9.913474894031332,False,9.062262549970288,False,37.406793912430864,True,1.868748427354282,True,1.0329718822267238,True,1.6130912221832776,False
282,3311853,1655.9265,stroke,6,4.946053189491381,False,3.3410800842781976,False,7.3818639298548705,False,11.17438252011171,True,2.3461824159860987,True,0.835112412769744,True,1.2933838301044975,False
283,3320177,1660.0885,stroke,6,5.466990508199007,False,4.109559561463426,False,3.585882616081763,False,9.691223365310154,True,1.666885684092079,True,0.7086664591282331,True,3.8385387064924474,False
284,3328545,1664.2725,stroke,6,43.98326187409412,False,9.414217799359204,False,8.234937123270424,False,12.214059755558402,True,1.5463745834653833,True,1.0417870955798008,True,1.6450742991142757,False
285,3334453,1667.2265,stroke,6,27.284528283135522,False,6.742556115404181,False,5.704603885993017,False,11.14914919364313,True,3.7151290326745263,True,1.185958381083232,True,9.860349285860114,False
286,3339606,1669.803,stroke,6,50.41752074829135,False,10.28366370553799,False,7.47074918025312,False,9.156169890850013,True,42343.33435984613,True,1.2000248843085188,True,8.097778593002186,False
287,3342753,1671.3765,stroke,6,66.18249881802225,False,5.949355561708108,False,8.937133719105502,False,19.84352443860694,True,23.621119379544194,True,1.3735247279848684,True,44.36567295835832,False
288,3350730,1675.365,stroke,6,34.89329774068306,False,7.721661905020142,False,9.092684237841407,False,20.123425248498094,True,33553.485900315245,True,1.0016975753887982,True,2.1081690804646995,False
289,3356359,1678.1795,stroke,6,36.02776913658177,False,5.9261468162981705,False,9.951053458845967,False,11.57914688437928,True,0.057494038321241156,True,1.0038586578267892,True,1.6447261364699401,False
290,3358609,1679.3045,stroke,6,34.59243474155134,False,10.019570083854752,False,4.704948341437812,False,15.368727800883214,True,2.4895940141008634e-05,True,1.2798679589096689,True,1.4167532387958341,False
291,3365929,1682.9645,stroke,6,45.64274537854172,False,4.95477477077703,False,11.30750586089658,False,12.263477615591476,True,1.960069188224122e-05,True,0.9520082043890916,True,1.3895930017859637,False
