detection_idx,pulse_index,pulse_time_s,phase,detection_channel,ch130_amplitude,ch130_relevant,ch132_amplitude,ch132_relevant,ch135_amplitude,ch135_relevant,ch136_amplitude,ch136_relevant,ch137_amplitude,ch137_relevant,ch139_amplitude,ch139_relevant
0,310,0.155,healthy,132,0.00014033189827169015,True,572.2341763027198,True,571.119044354902,True,32.97689789713177,False,599.1612510166062,False,3.6689227566293696,False
1,22719,11.3595,healthy,132,0.00032114231950528547,True,353.1600490351896,True,364.37916207139597,True,3.0684013527320007,False,375.8136354864067,False,4.571498545134775,False
2,35655,17.8275,healthy,132,0.000323587607500069,True,422.1163553553754,True,426.35467611636733,True,4.046440129585034,False,470.5470310887028,False,4.173879819421365,False
3,46358,23.179,healthy,132,0.00019449221666151267,True,1037.575828769236,True,1026.9574585795947,True,3.180919540973732,False,1057.3567813150048,False,7.473426092284942,False
4,58162,29.081,healthy,132,0.0001239498166459054,True,2147.0268698788304,True,2165.49040917256,True,5.946712613416146,False,2182.158460032229,False,5.696835987277176,False
5,67101,33.5505,healthy,132,0.0002923531194784133,True,292.45042773949694,True,271.756519470363,True,6.779837843036939,False,291.63454041453826,False,9.942890958682156,False
6,97906,48.953,healthy,132,0.00026531702166660145,True,3302.126623558576,True,3266.741866973951,True,63.08049062599553,False,3346.8402421085348,False,97.34509009874112,False
7,128082,64.041,healthy,132,0.00012359652599326155,True,2559.081289814702,True,2520.6875160989966,True,64.25375966574086,False,2627.7620761657345,False,74.645226281716,False
8,186281,93.1405,healthy,132,0.00015294168081109502,True,1154.3820056448349,True,1180.7223266670298,True,3.199768146755675,False,1233.3201841080186,False,5.359085108934943,False
9,227893,113.9465,healthy,132,0.00014678671235407052,True,1449.2043122371365,True,1430.7996483748352,True,4.644019192627279,False,1392.399712876986,False,3.3029229669857045,False
10,234928,117.464,healthy,132,0.0002923531194784133,True,1647.2669118510285,True,1668.2421925079288,True,3.3235335506284605,False,1680.7071491360202,False,4.8207102614254715,False
11,304285,152.1425,healthy,132,0.00024799692147988984,True,525.910095836532,True,519.9895048645335,True,6.73318417936517,False,559.0646047699063,False,47.19559524406874,False
12,322374,161.187,healthy,132,0.056725142537312506,True,685.2455957585291,True,706.915220774359,True,2.936282691706947,False,815.0317253737257,False,4.8829945837257,False
13,335450,167.725,healthy,132,0.05671414821582299,True,3247.1510853236196,True,3254.3690722819906,True,74.11441774712932,False,3274.272912779241,False,96.95759992450259,False
14,344315,172.1575,healthy,132,0.05672032210574804,True,3681.5186160718777,True,3647.1392049380456,True,80.28827413756903,False,3800.4493855842875,False,115.8970586819284,False
15,360999,180.4995,healthy,132,0.056724350561126506,True,732.8931121686403,True,725.8191893431815,True,3.3353861327734875,False,764.5639846746424,False,3.8740061112936295,False
16,370531,185.2655,healthy,132,0.0567203221057479,True,2028.5654636278275,True,2042.421117247069,True,3.1317651657687264,False,2071.073833043054,False,4.57688715856596,False
17,382761,191.3805,healthy,132,0.056713038337574295,True,990.9204483540041,True,983.0060556557594,True,3.0543014017563586,False,1007.4113557761207,False,7.307320217492316,False
18,408324,204.162,healthy,132,0.05672441292416368,True,547.8594288322487,True,565.8743332775741,True,5.203126712816089,False,691.6802567138608,False,3.1347057978242354,False
19,432109,216.0545,healthy,132,0.056724350561126576,True,4678.531362870304,True,4629.988059444449,True,87.14667640982678,False,4877.857569094804,False,136.48765576900155,False
20,444495,222.2475,healthy,132,0.056721792902872485,True,5751.72157683094,True,5720.180934577118,True,88.69996839596054,False,5933.8389871231075,False,123.44187460656721,False
21,454078,227.039,healthy,132,0.05672441292416368,True,4629.4354728805265,True,4567.431226488539,True,91.58708593147176,False,4609.923360294956,False,123.66659345791726,False
22,462509,231.2545,healthy,132,0.056724350561126506,True,1234.8487893291722,True,1217.374954882509,True,4.276415038412487,False,1261.149802483617,False,8.568568187716,False
23,475434,237.717,healthy,132,0.056723589709895966,True,7021.338480295721,True,6959.859260858271,True,96.33426689415414,False,7033.709236185446,False,138.87042101806537,False
24,485198,242.599,healthy,132,0.05671385886963078,True,6749.048877299505,True,6730.020297067943,True,95.73985654026822,False,6861.505339899107,False,132.80829185752,False
25,492495,246.2475,healthy,132,0.05672047960019275,True,6150.991604005056,True,6091.68832577924,True,95.69928225689267,False,6398.17387858336,False,134.39171503400746,False
26,515373,257.6865,healthy,132,0.05672047960019279,True,205.2961702604838,True,219.18217286420895,True,2.130081735235028,False,248.9187778333025,False,25.028178707587216,False
27,557969,278.9845,healthy,132,962.1817542486732,True,7228.040850111607,True,7214.501554574129,True,105.0745570693402,False,7473.12460524693,False,132.1860054098207,False
28,567328,283.664,healthy,132,1400.2159389256958,True,7990.781447283587,True,7921.28264747594,True,102.59332282329058,False,8098.249839179602,False,124.22717876083209,False
29,593993,296.9965,healthy,132,773.1695905230132,True,4273.305285156285,True,4233.831884571671,True,85.0022963823211,False,4338.460166431612,False,99.3283186445766,False
30,605465,302.7325,healthy,132,928.6851977140198,True,5417.025232105534,True,5420.885117948481,True,91.72282609210605,False,5394.272070510713,False,92.37156619312155,False
31,614994,307.497,healthy,132,726.0664283388996,True,4365.882557948878,True,4352.786463797669,True,92.89599225484359,False,4532.093492297632,False,111.6392652082885,False
32,626629,313.3145,healthy,132,0.06485754967371057,True,196.42682548174486,True,191.8511748837753,True,3.722886034474172,False,181.8642151012455,False,27.32386070117625,False
33,640097,320.0485,healthy,132,0.06487433508431606,True,332.3054529937097,True,340.51609801916084,True,6.14481327897501,False,334.60485109615354,False,19.19598568397114,False
34,670881,335.4405,healthy,132,1579.6793912261983,True,8001.214291896555,True,7936.591835274313,True,118.24673299825618,False,8130.783433024974,False,137.49271515735055,False
35,681672,340.836,healthy,132,1711.184031789136,True,6704.264649563829,True,6707.1115001111175,True,1018.9106582790712,False,6810.572170674213,False,138.49351042308228,False
36,691831,345.9155,healthy,132,1324.5479323639165,True,9163.454492414721,True,9070.566359940865,True,837.4644989030685,False,8983.762134477409,False,121.60113441453609,False
37,701931,350.9655,healthy,132,13799.99822815749,True,8626.88951585135,True,8557.155794093298,True,440.2386966615373,False,8542.50628259105,False,115.09770381834488,False
38,714447,357.2235,healthy,132,1512.757492265019,True,8750.748063877227,True,8674.166110533064,True,340.905666031999,False,8607.2797573885,False,158.2770364825721,False
39,723762,361.881,healthy,132,1620.19746054819,True,9124.651444540114,True,9040.76906613879,True,312.82974107795286,False,9027.805549276047,False,135.08435425250036,False
40,758502,379.251,healthy,132,0.048021498429894144,True,833.5162495262257,True,837.2094835434699,True,4.66823121265326,False,865.0217066501477,False,6.944231185104391,False
41,768369,384.1845,healthy,132,0.04801180384473827,True,593.7446809994142,True,587.2256572229664,True,2.6989770485574223,False,587.0817236696706,False,4.160132533185143,False
42,785556,392.778,healthy,132,2101.152813450411,True,12165.410697656846,True,12124.809395964192,True,190.30680758180117,False,12185.878799487586,False,143.2733017315842,False
43,795697,397.8485,healthy,132,3293.8069186458606,True,11226.854074712443,True,11193.357858591022,True,123.085834302519,False,11123.927313697382,False,150.53883076902264,False
44,808471,404.2355,healthy,132,2.8549078555332026e-05,True,144.3773222245143,True,228.12441433016448,True,2.5409269397100527,False,183.6928909155145,False,29.41663206501025,False
45,831740,415.87,healthy,132,17780.928269461183,True,8782.970645215826,True,8777.17064309338,True,348.8774035412144,False,8881.058301692397,False,120.06143654960653,False
46,851060,425.53,healthy,132,1548.9561730580265,True,9658.291547882312,True,9580.956027598968,True,346.0068618460838,False,9733.038866334538,False,124.04913927769226,False
47,861053,430.5265,healthy,132,1345.8506171287909,True,9224.688812539947,True,9218.843456218117,True,86.90885548707472,False,9237.032799243245,False,95.61049119885752,False
48,871217,435.6085,healthy,132,2134.1241865524257,True,10896.01131340292,True,10800.745296527133,True,88.13327550463119,False,10779.169402015625,False,113.26822115068839,False
49,888000,444.0,healthy,132,12830.676595076184,True,8831.109456991111,True,8798.24181305584,True,73.48903544337536,False,8855.364573725776,False,102.6904928457503,False
50,902485,451.2425,healthy,132,5.8012575919029466e-05,True,517.9683028351443,True,520.994811059773,True,3.5494978651447404,False,516.0566424126391,False,22.744573576370502,False
51,911749,455.8745,healthy,132,3.840208805822282e-05,True,293.01361628771474,True,334.82584113895166,True,3.720173773422294,False,306.7077280442341,False,26.735600092374607,False
52,923547,461.7735,healthy,132,4.1059990564678074e-05,True,255.90173840604433,True,224.7272632961011,True,3.0126792572888355,False,291.7491825879058,False,23.542532994672076,False
53,943787,471.8935,healthy,132,4.105648189526761e-05,True,1138.026870236816,True,1147.2210913385502,True,6.232870671677437,False,1166.022995756595,False,22.108516646122602,False
54,952234,476.117,healthy,132,4.657965433616232e-05,True,337.2179790858013,True,320.19160829000293,True,2.1150613748779135,False,365.64305227424927,False,24.970206375362327,False
55,960329,480.1645,healthy,132,499.512848295554,True,5827.244431436294,True,5755.530623571924,True,85.60090684054045,False,5700.2634677224405,False,98.73809119171324,False
56,967465,483.7325,healthy,132,4.477467518957092e-05,True,244.4065349250743,True,222.0858632657494,True,2.5779567780081685,False,226.97812864427442,False,31.37454048418125,False
57,975865,487.9325,healthy,132,1338.5091003941818,True,4543.007830864548,True,4528.408423586834,True,92.98451298880968,False,4657.508329111579,False,87.41041807894358,False
58,988659,494.3295,healthy,132,0.02316293601952562,True,275.33326879781146,True,289.86673300734026,True,3.991102582985481,False,345.8819616254956,False,25.256573570240374,False
59,1025247,512.6235,healthy,132,0.023156549260853268,True,1139.9407149003225,True,1169.32754545503,True,2.436367090793061,False,1170.1674695391723,False,6.135719203056429,False
60,1040523,520.2615,healthy,132,481.18659744329113,True,7378.5117107209335,True,7305.27897323692,True,98.72822985203968,False,7294.69436178501,False,94.59523632782918,False
61,1049338,524.669,healthy,132,643.9250575743396,True,6263.521468849555,True,6227.118033213083,True,89.96777792921428,False,6239.8192382459165,False,118.20116414833969,False
62,1078453,539.2265,healthy,132,459.6100279923958,True,4442.584207725068,True,4476.505540305613,True,82.19220292627163,False,4629.345683670026,False,83.71232214482829,False
63,1092545,546.2725,healthy,132,394.4171402330639,True,3064.8836506361895,True,2997.104577658856,True,82.42075429660542,False,3134.7977245691263,False,84.11888826657841,False
64,1100512,550.256,healthy,132,3.859402157225139e-05,True,904.7963015160087,True,914.4801560553713,True,3.495249991075438,False,881.8295451091027,False,6.322315037173011,False
65,1114280,557.14,healthy,132,4.812163594145054e-05,True,955.6509636602018,True,963.1356894943633,True,3.5822058644915034,False,926.4249224149712,False,6.537819457524705,False
66,1150207,575.1035,healthy,132,8924.053149398344,True,11995.104855225167,True,11964.178677005988,True,154.52674569861404,False,11968.788036806913,False,148.26864893262754,False
67,1162165,581.0825,healthy,132,2317.488299874442,True,9510.145799872309,True,9448.058199435865,True,249.2302159588659,False,9456.950880910612,False,155.27426038996563,False
68,1172134,586.067,healthy,132,1842.8396679005941,True,9111.850179151439,True,9059.766615388933,True,1218.032067784351,False,9087.85231705337,False,148.32112511920542,False
69,1186854,593.427,healthy,132,3.288859566327403e-05,True,403.42420169533716,True,391.388465997596,True,3.2066523092572474,False,347.31220673269934,False,23.117214191537325,False
70,1209354,604.677,healthy,132,2219.884865879395,True,9226.158132897566,True,9170.327936328162,True,836.0439041922589,False,9333.65379979221,False,161.52420773405402,False
71,1222324,611.162,healthy,132,2357.071118051725,True,9141.23332882671,True,9076.530611318381,True,244.81478906644878,False,9154.520227847182,False,154.5224194869456,False
72,1231442,615.721,healthy,132,1700.9951893740122,True,9387.283667360762,True,9335.98856800912,True,667.2877272279865,False,9450.75685066306,False,162.12109770948732,False
73,1246212,623.106,healthy,132,0.06582778400554745,True,298.8586258741399,True,289.9581597752615,True,4.270820472420049,False,277.7137897895876,False,28.093892984365,False
74,1253244,626.622,healthy,132,0.06582058152399892,True,217.60205655871084,True,204.9861054924442,True,2.9298844622601568,False,141.90123322184263,False,24.223134258115575,False
75,1266958,633.479,healthy,132,3643.9477945710446,True,10295.12463019419,True,10151.866243751574,True,1048.4099626785298,False,10131.592501732592,False,187.40780010177536,False
76,1278931,639.4655,healthy,132,3271.369399608493,True,13185.607870537313,True,13107.574573646121,True,273.29856134404343,False,13086.062029343733,False,190.53171681969843,False
77,1291155,645.5775,healthy,132,6942.174419998155,True,10120.874228250746,True,10097.657115633721,True,1134.7368098374873,False,10072.36717755138,False,186.65659036443174,False
78,1300791,650.3955,healthy,132,9343.211386118199,True,10279.37573893671,True,10225.47341200626,True,1321.9648837097907,False,10279.57465925458,False,184.46263494503683,False
79,1309891,654.9455,healthy,132,3952.6176223384205,True,9889.189767185817,True,9897.087929562531,True,582.0587528578903,False,9905.16090618412,False,196.69967370548227,False
80,1319611,659.8055,healthy,132,4771.42859152686,True,9839.617251696127,True,9775.954464075732,True,492.73948472138994,False,9825.823323135208,False,186.29638704717615,False
81,1376584,688.292,healthy,132,0.12805151116062638,True,271.7405233709767,True,259.9555161998238,True,4.13191452835264,False,311.55156995256067,False,29.125219601922314,False
82,1386085,693.0425,healthy,132,0.12807626304606287,True,1105.7961831168072,True,1073.6805025872095,True,4.359639418121864,False,1057.366120534241,False,4.918048766800624,False
83,1396563,698.2815,healthy,132,1127.5857005022401,True,7005.773024770894,True,6991.942757497553,True,109.44804147832701,False,7010.914073711947,False,142.13565877512625,False
84,1405361,702.6805,healthy,132,963.2365106363502,True,7049.27483664811,True,7090.925788570059,True,1065.2156318379148,False,7047.384024821558,False,144.36751657700637,False
85,1416701,708.3505,healthy,132,700.7419369155955,True,6925.965447884539,True,6930.147432113993,True,647.7528473721322,False,6964.367145288423,False,133.36285484850933,False
86,1424048,712.024,healthy,132,1137.8440797539286,True,6648.856796615598,True,6608.2269579323965,True,425.36215048974344,False,6660.046864456361,False,131.82070114561083,False
87,1435015,717.5075,healthy,132,1047.9894330986422,True,5497.638734868801,True,5451.62541127419,True,112.60140028607607,False,5516.506925718425,False,117.73133984352671,False
88,1465577,732.7885,healthy,132,2089.2951953952042,True,8403.391494472837,True,8355.757424090621,True,1221.8408677677262,False,8442.323479871964,False,135.56151307715714,False
89,1474606,737.303,healthy,132,2117.1201189846042,True,8041.454948349163,True,8034.6309209838955,True,927.9773398249199,False,8005.454971920623,False,125.4132436801336,False
90,1492803,746.4015,healthy,132,2176.1748711437185,True,7911.815099446414,True,7874.673256279388,True,538.2974406834319,False,7944.033976707298,False,102.22962764656211,False
91,1503471,751.7355,healthy,132,0.05467168873273958,True,553.2859507172324,True,581.6118269188361,True,2.990243401950667,False,559.6797498367272,False,2.003284778145466,False
92,1515970,757.985,healthy,132,1596.9894361557565,True,7008.069077092503,True,6952.89268007117,True,444.09978531845644,False,6991.16375487854,False,102.59710740108781,False
93,1524607,762.3035,healthy,132,1204.6573393844187,True,7884.9416855606305,True,7863.136406018131,True,109.56358438683512,False,7893.189076037126,False,112.90976404162754,False
94,1532399,766.1995,healthy,132,2.364031376160257e-05,True,307.39099864142673,True,306.0609566755362,True,5.114682431166241,False,326.53553645397994,False,5.772609432381711,False
95,1547556,773.778,healthy,132,4.1375698760863105e-05,True,289.13335056538193,True,292.1277308724408,True,1.6182484931677659,False,279.3402104463887,False,8.32092177963898,False
96,1566121,783.0605,healthy,132,31863.129953987158,True,10447.83262828768,True,10386.627421413665,True,661.4115603372247,False,10456.233702471991,False,165.01514756098055,False
97,1574539,787.2695,healthy,132,11247.423779178764,True,10562.859527796207,True,10465.92481004649,True,1062.3330042300222,False,10562.866441351423,False,154.81071712113692,False
98,1589050,794.525,healthy,132,6320.781001371295,True,10522.423228614716,True,10480.498970616989,True,1060.741928313776,False,10565.027115222692,False,162.71019586939593,False
99,1602087,801.0435,healthy,132,10828.558244694306,True,12898.814525104219,True,12848.526953212087,True,710.3353703266254,False,12911.792727063565,False,162.55485897674012,False
100,1618824,809.412,healthy,132,1.894915476185561e-05,True,404.538476808788,True,436.82657413550237,True,2.6177507631791608,False,450.8800939355704,False,25.379898822893935,False
101,1631154,815.577,healthy,132,2.9199740680426544e-05,True,398.148842633202,True,369.5814404090416,True,2.5526808727971573,False,360.8863034984047,False,26.86096389525093,False
102,1642452,821.226,healthy,132,2.0442091726092046e-05,True,492.15854648812103,True,480.20927971707425,True,2.788675703467668,False,486.77894375315475,False,24.72520064066851,False
103,1655386,827.693,healthy,132,3.2905457153427795e-05,True,365.0670414284111,True,371.1026641668484,True,6.481651347152855,False,364.29641196506,False,3.8671352117759827,False
104,1664909,832.4545,healthy,132,1.9137812115183292e-05,True,329.4899636912247,True,353.70385812061306,True,2.580660046973378,False,312.56605874513434,False,4.171588128690722,False
105,1680165,840.0825,healthy,132,2.422697279868117e-05,True,517.8666857403061,True,489.90963192382185,True,5.774683449233963,False,444.45090941407796,False,4.244092757776357,False
106,1688577,844.2885,healthy,132,2.2544032772372974e-05,True,415.66686435954693,True,436.1615691946811,True,3.461298569913759,False,483.6097476558697,False,28.61251741893335,False
107,1696511,848.2555,healthy,132,3.101243347696845e-05,True,379.1016324754494,True,385.639544658682,True,2.748666371190752,False,416.22325805602736,False,30.71826535633189,False
108,1717136,858.568,healthy,132,3.2905457153427795e-05,True,1667.2194456690945,True,1610.6060091161457,True,3.153871800595303,False,1557.0825041410817,False,3.8402216840427195,False
109,1750683,875.3415,healthy,132,340.4972563061274,True,6841.988291000679,True,6831.46941799758,True,623.9924253976296,False,6826.117127160831,False,127.56061136516794,False
110,1759301,879.6505,healthy,132,712.7448555416693,True,7154.703882734084,True,7096.4901105502895,True,131.63351186089778,False,7165.582442575694,False,152.59237089949508,False
111,1769564,884.782,healthy,132,726.7651515917845,True,5826.685451078208,True,5807.427115493041,True,719.1696732656208,False,5879.237782060938,False,143.20511554299605,False
112,1777166,888.583,healthy,132,0.008357586176270033,True,900.6998339384317,True,882.67251705329,True,4.532535333716848,False,893.4268505580749,False,30.252695438732808,False
113,1788697,894.3485,healthy,132,0.008119436075580569,True,530.0818630751271,True,514.5747760528469,True,3.1641665707683058,False,509.05259457400894,False,25.245530300271046,False
114,1799305,899.6525,healthy,132,0.008119436075580572,True,401.49529697120846,True,402.5095115499425,True,2.0518920645602923,False,370.77690969930757,False,26.208775302852803,False
115,1807207,903.6035,healthy,132,0.00811943607558056,True,547.6310902993921,True,581.2442228290515,True,2.0191089304491143,False,802.0586797422048,False,46.974635586374674,False
116,1828314,914.157,healthy,132,0.00811943607558056,True,809.7583162814581,True,836.5254865046485,True,3.520551254218727,False,996.6298732051822,False,29.267171963697514,False
117,1868929,934.4645,healthy,132,0.008119436075580556,True,359.0548170164535,True,353.2282781675167,True,3.9030100279028854,False,399.2495698865425,False,25.835604504253872,False
118,1878167,939.0835,healthy,132,0.008119436075580569,True,732.5061164370666,True,739.7929336201585,True,2.6840876964875515,False,764.8087234624959,False,6.319267238738048,False
119,1920615,960.3075,healthy,132,0.008119436075580569,True,538.0106908577563,True,557.6551383278004,True,3.478464765919431,False,661.4692544309639,False,3.8612531128326237,False
120,1934225,967.1125,healthy,132,1.966084812531132e-05,True,858.6982608959582,True,853.725545631499,True,9.478376517290615,False,853.7353434249644,False,17.585781409201537,False
121,1975498,987.749,healthy,132,2.1255021176537763e-05,True,1058.210516263884,True,1062.1535390294102,True,4.555437508449219,False,1067.9487501975266,False,36.156306228588505,False
122,1988133,994.0665,healthy,132,2.5544963497903963e-05,True,1026.1123802548684,True,1019.572957769759,True,2.2846815337800686,False,1001.7020702923835,False,6.103362329084519,False
123,2000065,1000.0325,healthy,132,3.023869664555988e-05,True,465.4519581940362,True,455.45252763420933,True,2.842639532694574,False,451.4129986637455,False,3.9263610932613204,False
124,2021470,1010.735,healthy,132,1.7966632441041615e-05,True,218.53800535427519,True,217.8961442712358,True,2.59444366354107,False,215.15552895462847,False,28.349801921813253,False
125,2032022,1016.011,healthy,132,2.422697279868117e-05,True,9400.933906799157,True,9396.966182484326,True,100.89784088970345,False,9599.144470222363,False,125.05063087308667,False
126,2041105,1020.5525,healthy,132,3.308225168887911e-05,True,6785.333055559779,True,6772.268692572485,True,92.31464608370467,False,6967.252374327685,False,147.6854449582279,False
127,2051008,1025.504,healthy,132,2.1255021176537763e-05,True,8312.972695967916,True,8299.894914635554,True,97.90897259010859,False,8225.335569139344,False,100.35199061224755,False
128,2063108,1031.554,healthy,132,1.7853984192547277e-05,True,10395.176807712933,True,10333.447336863072,True,378.4760176707171,False,10293.02402262971,False,127.39854983801274,False
129,2071655,1035.8275,healthy,132,1.913781211518329e-05,True,11371.30303813615,True,11247.20106498694,True,161.42448049363958,False,11223.085415563975,False,119.38959143368481,False
130,2085116,1042.558,healthy,132,2.659428304313933e-05,True,10104.795094030307,True,10080.050388868638,True,106.78380967864754,False,9931.612989117266,False,128.66397612222272,False
131,2092890,1046.445,healthy,132,3.628826057270095e-05,True,826.6597599793948,True,818.9450611021621,True,3.1870939653084296,False,806.6931032204114,False,4.120988829124499,False
132,2103548,1051.774,healthy,132,1.9015923984634312e-05,True,9636.409838141517,True,9570.881975174241,True,102.5825558853695,False,9443.155662988458,False,126.4321871838205,False
133,2111919,1055.9595,healthy,132,3.290545715342793e-05,True,632.1891664899895,True,641.7594778571712,True,2.616014374329379,False,682.5125267366009,False,7.458783716668811,False
134,2135279,1067.6395,healthy,132,1.9985956630411353e-05,True,159.97429627456685,True,157.8824399631764,True,3.042079420312281,False,190.95533685155337,False,25.245769798873056,False
135,2152556,1076.278,healthy,132,700.6980955938714,True,1081.9003306518493,True,1090.9696235319516,True,4.916362968369842,False,1082.37465053809,False,30.1377058992648,False
136,2167872,1083.936,healthy,132,3.9311765186459724e-05,True,5233.5985212992155,True,5181.733302749848,True,92.83643626125773,False,5284.531720771325,False,124.82375646488032,False
137,2184033,1092.0165,healthy,132,4.4391545632379484e-05,True,6419.658325976826,True,6404.2337846058435,True,105.69598250945883,False,6396.700830302365,False,150.47557978744135,False
138,2193351,1096.6755,healthy,132,4.4317027298989176e-05,True,7706.400727517641,True,7658.251619353146,True,99.6016249386305,False,7882.114976865684,False,119.573044305817,False
139,2201396,1100.698,healthy,132,3.5878562610449417e-05,True,694.4287990151423,True,681.786477443877,True,4.7905647947003995,False,699.2640643809752,False,2.531377793361783,False
140,2214855,1107.4275,healthy,132,931.8905923588655,True,7592.268362410894,True,7625.610205468545,True,105.82316744591387,False,7614.027257667689,False,142.08955138306158,False
141,2223656,1111.828,healthy,132,1578.645731310568,True,9457.239554381516,True,9406.879328182651,True,104.63575567976048,False,9477.827577054617,False,143.46052172896376,False
142,2230855,1115.4275,healthy,132,2.366328895528269e-05,True,1107.7994673209948,True,1113.424844939123,True,5.570999809755572,False,1164.5355164656821,False,4.601395541434814,False
143,2238214,1119.107,healthy,132,1.8547653688105968e-05,True,391.2360473365328,True,403.24181076398565,True,3.1222089925479795,False,381.5214554529357,False,24.495468394641513,False
144,2245879,1122.9395,healthy,132,1.367620925665445e-05,True,316.1579954931477,True,335.1904729579485,True,2.254129709963484,False,298.11496086951263,False,28.692978584144377,False
145,2259040,1129.52,healthy,132,2319.6389419795196,True,10683.018263629834,True,10653.124003310404,True,108.77246545679301,False,10612.837669838693,False,140.87792253756692,False
146,2267768,1133.884,healthy,132,1261.1165278771205,True,10325.710574029867,True,10287.557531716488,True,101.40352002085234,False,10172.557050047362,False,134.48285549935375,False
147,2278792,1139.396,healthy,132,1726.029558548099,True,11370.720151998965,True,11315.265679203148,True,106.14787325902147,False,11275.2337033316,False,129.50301108131475,False
148,2291585,1145.7925,healthy,132,1806.9734605449873,True,8672.091161559332,True,8609.144499149981,True,157.18938807780552,False,8582.639389645117,False,115.30992115095357,False
149,2301864,1150.932,healthy,132,0.00842004813404455,True,488.26984754920517,True,492.40895376024514,True,4.5042409343830005,False,478.23299852290063,False,28.218382120851782,False
150,2313827,1156.9135,healthy,132,0.00842004813404455,True,404.6918411246601,True,404.47117857029525,True,2.6865875193192523,False,429.6339399503068,False,23.08687493375111,False
151,2324090,1162.045,healthy,132,0.008420048133884531,True,355.12465123819925,True,342.54957231591897,True,2.064756251369514,False,341.57653809183057,False,30.89768685644548,False
152,2331788,1165.894,healthy,132,0.00842004813404455,True,344.3165271832289,True,325.2957628903707,True,4.198541031191285,False,350.4817379610673,False,27.768344151704717,False
153,2347117,1173.5585,healthy,132,0.008420048133814695,True,285.59250332233387,True,310.9475039803884,True,2.9379871915215423,False,301.23719325374276,False,25.88236670354305,False
154,2360101,1180.0505,healthy,132,0.00842004813354718,True,1333.839453346232,True,1315.2777538053601,True,2.9950631594469312,False,1317.3100889368093,False,2.2813640054557336,False
155,2378613,1189.3065,healthy,132,0.008420048133561227,True,399.74189080939686,True,405.0818197388495,True,3.4000253959294056,False,427.55860114683026,False,28.298577504665413,False
156,2389024,1194.512,healthy,132,1950.70499281703,True,8087.093717999965,True,8055.166798728231,True,105.37048458030547,False,8163.95677327318,False,148.64121782685578,False
157,2398202,1199.101,healthy,132,914.11376608066,True,8867.654101286416,True,8850.167337544044,True,101.89563228847356,False,8845.218933826716,False,154.667997994249,False
158,2408774,1204.387,healthy,132,3.100168369168027e-05,True,1402.1882522389633,True,1389.5803193344536,True,2.62205335569678,False,1348.8205427670869,False,2.230356232449592,False
159,2428775,1214.3875,healthy,132,1316.248122584022,True,8109.807601574092,True,8081.630125781133,True,504.3852490740642,False,8253.053951611228,False,142.78552092398593,False
160,2440897,1220.4485,healthy,132,1018.2836207381982,True,11289.115646569626,True,11215.641131494562,True,111.75858349417074,False,11205.668990954542,False,179.89659103401175,False
161,2451956,1225.978,healthy,132,7820.943456418557,True,10713.992597019078,True,10688.73831668069,True,127.83560205499374,False,10759.59192031995,False,186.5264407154341,False
162,2462778,1231.389,healthy,132,1416.2072277924258,True,9108.764365052682,True,9119.701661552212,True,109.46439098593146,False,9113.165151571882,False,157.73541655497456,False
163,2473768,1236.884,healthy,132,0.023721964590684593,True,476.05926494838627,True,453.4998388800441,True,2.5352036205138884,False,451.77393192657956,False,27.13926545345378,False
164,2517354,1258.677,stroke,136,2320.906085469553,False,11848.094803053431,False,11763.664660450244,False,103.79381117778142,True,11802.274806773308,True,124.90512739070448,True
165,2532997,1266.4985,stroke,136,1947.566177217615,False,10294.811141298254,False,10263.8894841722,False,96.95101753271271,True,10256.741124361852,True,114.75266775671211,True
166,2569999,1284.9995,stroke,136,1529.136584869114,False,10475.211859821266,False,10379.312118765276,False,105.65044401669613,True,10367.695534284754,True,118.60624606671665,True
167,2584311,1292.1555,stroke,136,29475.94478702706,False,10526.152510502701,False,10504.784125596198,False,103.10068349670962,True,10614.627397487166,True,113.89340081894426,True
168,2648036,1324.018,stroke,136,521.3273859898969,False,4519.834116454601,False,4498.191146144938,False,158.5457628204408,True,4623.64250586155,True,52.17927414256988,True
169,2706377,1353.1885,stroke,136,444.97545818609694,False,4849.838680879227,False,4796.6132445791445,False,99.18230028372196,True,4805.317061573083,True,60.02943752655142,True
170,2720289,1360.1445,stroke,136,9385.612673376749,False,5211.928683593964,False,5155.952435358915,False,240.70231675278956,True,5247.2785657132235,True,50.3987460585609,True
171,2752729,1376.3645,stroke,136,1368.2436641473168,False,5865.834728016404,False,5874.486944920285,False,175.7351694737534,True,5841.960904972045,True,60.983223228333266,True
172,2765457,1382.7285,stroke,136,9350.853227194653,False,6066.185001942183,False,6050.243002726729,False,110.94079001389713,True,6057.59661695277,True,75.19504525523129,True
173,2780111,1390.0555,stroke,136,2519.16910534345,False,5764.018229763506,False,5720.859764042303,False,280.09613971555837,True,5749.455319117229,True,52.32792357229299,True
174,2866380,1433.19,stroke,136,888.0975582017602,False,5159.58899179892,False,5104.901105432928,False,110.20252973296729,True,5071.549507319283,True,62.2959645896095,True
175,2880264,1440.132,stroke,136,10619.747049461956,False,4869.923049454415,False,4822.409378244713,False,124.2005140085751,True,4825.747064531077,True,111.91254391545084,True
176,2896552,1448.276,stroke,136,995.8598788284714,False,5223.5108025634745,False,5168.505639498855,False,235.83657677447474,True,5183.703775885747,True,91.53670941635787,True
177,2943857,1471.9285,stroke,136,2025.6941181734423,False,5627.076426188161,False,5561.930327012331,False,150.67334967310984,True,5543.218043776849,True,81.39790982547512,True
178,2970350,1485.175,stroke,136,7827.841249050129,False,5501.4685614786085,False,5471.069265737502,False,162.95167798840288,True,5452.384894749522,True,50.06917466066152,True
179,2991474,1495.737,stroke,136,4265.560819276414,False,5819.588481389335,False,5743.881482572353,False,215.01355247827075,True,5794.515338478578,True,64.39325931432987,True
180,3040366,1520.183,stroke,136,760.5259650769135,False,4958.645576407528,False,4931.858005061482,False,74.91064048822584,True,4983.875959535011,True,59.42747270779748,True
181,3058775,1529.3875,stroke,136,2733.092739080267,False,4767.9254153807415,False,4756.562930255206,False,187.21856367188815,True,4833.735953805534,True,90.13523141296773,True
182,3075420,1537.71,stroke,136,8035.5813525329195,False,5150.970950103947,False,5124.011351942916,False,190.28145499782386,True,5194.076603578927,True,67.429177726904,True
183,3097643,1548.8215,stroke,136,2.9918095744961893e-05,False,4482.926099086737,False,4472.187444254783,False,147.6612687689484,True,4533.507039195723,True,75.37277450919679,True
184,3190890,1595.445,stroke,136,5654.470922720942,False,5556.026834336629,False,5537.205621954634,False,169.72739039707795,True,5524.533387307992,True,65.39815312604753,True
185,3203285,1601.6425,stroke,136,14517.263670768853,False,5773.582621729405,False,5773.042351556973,False,391.47674213335495,True,5811.048831147267,True,77.0259198737826,True
186,3225901,1612.9505,stroke,136,2208.833200075884,False,6307.481715360415,False,6280.4172011139435,False,475.81971125294194,True,6299.110938301743,True,65.91334621100611,True
187,3288650,1644.325,stroke,136,1064.8695825083987,False,4261.9150014173265,False,4252.737541603259,False,131.37090316449036,True,4276.544175444288,True,56.60154449130468,True
188,3300992,1650.496,stroke,136,4401.267169100533,False,4127.025465985906,False,4108.821202726498,False,229.9007258894485,True,4081.677913744041,True,73.16185090674142,True
189,3314811,1657.4055,stroke,136,1110.6801441753469,False,4007.82639242423,False,4009.759020490157,False,405.590984496472,True,4017.6847622898063,True,52.827969333576945,True
190,3375467,1687.7335,stroke,136,3094.807821587598,False,6034.87992604778,False,6004.391405474789,False,512.0528331694906,True,6020.452136158384,True,69.9790329327894,True
191,3389568,1694.784,stroke,136,1752.9690197478797,False,5845.336461356521,False,5808.9119163620635,False,730.4546663784342,True,5845.374626103325,True,79.11857050721107,True
192,3402989,1701.4945,stroke,136,2773.86920897108,False,5753.788083218424,False,5747.039999004441,False,466.7501604491032,True,5805.051356744345,True,59.46004031476764,True
193,3416262,1708.131,stroke,136,2.236286142365541e-05,False,5573.513536126538,False,5546.535805473024,False,468.2887651396933,True,5573.173385249034,True,69.0445631868849,True
194,3485714,1742.857,stroke,136,686.204458861574,False,4524.926090251535,False,4494.658529942084,False,194.77730700935837,True,4465.430622388064,True,58.419822789027435,True
195,3498995,1749.4975,stroke,136,1004.7719048384834,False,4427.514958571118,False,4397.71782561652,False,190.81674793518206,True,4402.47730411282,True,65.21698308602527,True
196,3515766,1757.883,stroke,136,0.0009518369369397688,False,4405.183804670572,False,4391.6971855097345,False,185.12079752876187,True,4423.593809369591,True,65.89175508637989,True
197,3582691,1791.3455,stroke,136,9428.903427906665,False,6659.66668697543,False,6626.716236948656,False,499.6978962800437,True,6614.423958110046,True,70.45217464649332,True
198,3604246,1802.123,stroke,136,5627.126320987876,False,6985.004039183904,False,6940.285651274275,False,677.4706756518298,True,6933.473220495582,True,70.18758346383657,True
199,3621379,1810.6895,stroke,136,2459.0643817497503,False,6728.060336810615,False,6670.955191516713,False,700.7295653391523,True,6696.016774579321,True,83.41781992230517,True
200,3703922,1851.961,stroke,136,769.9345781494668,False,5372.76522094165,False,5347.621411115744,False,149.4253466970319,True,5340.870938756074,True,59.241724208475944,True
201,3734244,1867.122,stroke,136,3776.538117298103,False,5714.540257231066,False,5696.734054257897,False,235.06776982020506,True,5727.027190526791,True,84.33764078707307,True
202,3748084,1874.042,stroke,136,1577.7436577392255,False,5862.212490135382,False,5827.404470448633,False,324.2098383825222,True,5772.05544618826,True,61.96873994933058,True
203,3780077,1890.0385,stroke,136,1661.6106309568308,False,7576.502939751895,False,7544.183551498991,False,701.4624023093606,True,7682.284952588839,True,65.93820574339024,True
204,3807925,1903.9625,stroke,136,489.54260694889126,False,7697.753123359105,False,7658.79835522304,False,1043.346731502624,True,7619.630459844122,True,91.6700447259559,True
205,3819992,1909.996,stroke,136,4.5687102722176656e-05,False,8358.291232617748,False,8337.589610527439,False,1309.5377237053028,True,8337.429681581689,True,82.40790906252316,True
206,3832897,1916.4485,stroke,136,8235.688161155378,False,7150.847505665217,False,7125.127515245778,False,793.8453455357712,True,7104.457147443933,True,96.13787257352432,True
207,3874587,1937.2935,stroke,136,2.0854241023005628e-05,False,3.915900333465881e-05,False,9.027873299812253e-06,False,171.01820726930544,True,3.6666186512212024e-05,True,72.29691249968268,True
208,3931278,1965.639,stroke,136,3.6482716639215907e-05,False,533.196433287948,False,561.8516304443758,False,243776.92459773555,True,695.740882503607,True,268785.45817239594,True
209,3950659,1975.3295,stroke,136,2.5778032683784234e-05,False,6603.471339372757,False,6659.995957448355,False,409579.03245332965,True,6643.945757870882,True,330769.9154378757,True
210,3967508,1983.754,stroke,136,3.0709489286828684e-05,False,837.4998868711316,False,836.9074230628341,False,201265.55639595163,True,824.383627086278,True,1395.4462965865873,True
211,3981447,1990.7235,stroke,136,1.5727602561332445e-05,False,2410.9861351535965,False,2407.816548065445,False,337502.9591428984,True,2396.689172457651,True,274632.302181186,True
212,3993709,1996.8545,stroke,136,2.8818131081998704e-05,False,3828.7005791621627,False,3838.870638824016,False,218707.9045412123,True,3839.3939088581965,True,301037.9804136133,True
213,4008799,2004.3995,stroke,136,1.5738488121254175e-05,False,46011.75272227793,False,46011.87541931187,False,40011.35363004698,True,45968.10578951321,True,118927.31291364528,True
214,4022426,2011.213,stroke,136,2.0055502299499957e-05,False,76227.02011544384,False,76222.23459458804,False,275110.4940879488,True,76208.21944536339,True,89867.73290750958,True
215,4039102,2019.551,stroke,136,2.1837397305855493e-05,False,921.5982857882757,False,921.5873977730528,False,221756.43462705263,True,921.5752897759559,True,196625.69809450296,True
216,4052566,2026.283,stroke,136,2.8320391776594036e-05,False,3.794933384395187e-05,False,2.327733696093317e-05,False,28577.94358217231,True,0.06582004592538551,True,71541.5153725224,True
217,4066672,2033.336,stroke,136,0.05669459744146339,False,358513.5012728862,False,358479.54245205614,False,398599.0850994694,True,358458.90989441174,True,377624.8595520592,True
218,4083494,2041.747,stroke,136,25.33136050425808,False,67233.21742735468,False,67226.49408639778,False,326429.45725782914,True,67177.50838830543,True,313120.4274195934,True
219,4099369,2049.6845,stroke,136,4.517345515945215e-05,False,24625.503192752447,False,24626.441606427405,False,182084.06011566918,True,24623.79002502611,True,160604.6073768406,True
220,4111395,2055.6975,stroke,136,1442.8320136665427,False,3.733008695612517e-05,False,2.1176571546550974e-05,False,209509.27388102998,True,5.5564496825010316e-05,True,86211.35772895056,True
221,4129207,2064.6035,stroke,136,0.38637823375474206,False,295090.7282395857,False,295096.5798730953,False,147256.01940190044,True,295033.3705521033,True,102011.67409774501,True
222,4142635,2071.3175,stroke,136,2.7562359674102464e-05,False,588.4456277194453,False,588.4201596426386,False,56896.01353106115,True,588.4727110855213,True,89113.49251060167,True
223,4165321,2082.6605,stroke,136,2.3601889882402094e-05,False,0.0024828266988841646,False,3.2459061958077146e-05,False,68216.17616891397,True,5.461315397801503e-05,True,56634.51880025306,True
224,4178298,2089.149,stroke,136,2.229888719062644e-05,False,0.0024828266989793996,False,5.5735458934338965e-05,False,25674.671723994525,True,5.4613153983325155e-05,True,4458.110927958063,True
225,4191825,2095.9125,stroke,136,2.0480646799626317e-05,False,0.002444504086977647,False,3.27846938405489e-05,False,7904.217623168358,True,5.461315397857104e-05,True,2465.4345021612007,True
226,4204302,2102.151,stroke,136,3.4176653460249066e-05,False,351542.814839,False,351526.43500391726,False,96622.11613738236,True,351408.8868251876,True,200347.91247340012,True
227,4221714,2110.857,stroke,136,3.597288264292953e-05,False,226925.23000977346,False,226851.94771848607,False,145671.028502486,True,226825.33899547943,True,334179.82815224,True
228,4235821,2117.9105,stroke,136,3.411593635781276e-05,False,491107.8709177465,False,491017.6707928651,False,235318.58846202033,True,490988.3142151172,True,387380.90784672357,True
229,4249696,2124.848,stroke,136,9195.86615371897,False,3.3818740527028384e-05,False,2.2895096987208334e-05,False,56685.71351293261,True,0.008135908102661606,True,24847.41990679936,True
230,4261872,2130.936,stroke,136,7609.487299254079,False,2.772507762712057e-05,False,1.889753742573563e-05,False,82462.05819949361,True,0.008118441864802869,True,16821.98965768014,True
231,4279763,2139.8815,stroke,136,4670.873617185627,False,3.1720999336872586e-05,False,2.6170784203304238e-05,False,208457.06822409155,True,0.008131425668158315,True,2844.777956886256,True
232,4301416,2150.708,stroke,136,21047.642049835915,False,2.7806693198204273e-05,False,2.532107383101583e-05,False,148266.4347674468,True,0.008136460513320393,True,21045.344189248193,True
233,4317698,2158.849,stroke,136,3369.9958461689566,False,2.756690943370205e-05,False,3.581675284422205e-05,False,45223.75778816375,True,0.008136382682072146,True,1536.59796339773,True
234,4334591,2167.2955,stroke,136,3742.931463559661,False,2.5021596005831507e-05,False,4.583258099594758e-05,False,31551.925683055124,True,0.008119845472192643,True,5817.850150799612,True
235,4347319,2173.6595,stroke,136,3304.5196469075863,False,3.104165242140345e-05,False,2.8001249316237233e-05,False,22176.99832754008,True,0.008125162956362595,True,5972.067183312323,True
236,4366626,2183.313,stroke,136,3491.378852902946,False,2.9928325974275437e-05,False,2.3835402839595067e-05,False,70026.77832827286,True,0.008123072953290678,True,3764.7435229618145,True
237,4380418,2190.209,stroke,136,3.4653454514087156e-05,False,2.756690943370209e-05,False,2.1106893788570025e-05,False,228812.47424023016,True,0.008131212357474408,True,192191.16630238306,True
238,4396731,2198.3655,stroke,136,2.4943019263077575e-05,False,103709.4559104545,False,103723.42336667085,False,336180.56841462693,True,103656.71358087097,True,160020.2774528,True
239,4420650,2210.325,stroke,136,2.9878826923824446e-05,False,52741.88154469685,False,52709.55837564045,False,279001.598864945,True,52749.10008947665,True,143826.43876551406,True
240,4435560,2217.78,stroke,136,3.63943196450442e-05,False,0.0001586117822394901,False,0.00019189880986139715,False,107157.60033508873,True,0.00017703858910658732,True,90820.13270045273,True
241,4448805,2224.4025,stroke,136,4.6629200154458834e-05,False,18425.37852132091,False,18411.463855655747,False,229130.10888805945,True,18450.755190019485,True,123390.86382045182,True
242,4472115,2236.0575,stroke,136,4.4464792056613724e-05,False,3.714016416495264e-05,False,1.117932297352274,False,18621.600311290327,True,1.1179922375584153,True,3347.1213716151296,True
243,4486561,2243.2805,stroke,136,36.65027249483222,False,48889.62894151884,False,48883.165614016325,False,291791.60599340766,True,48930.44788609786,True,88839.54064190334,True
244,4509313,2254.6565,stroke,136,0.12231808372404611,False,478708.3258197743,False,478730.3042207734,False,278020.20634387544,True,478667.383009283,True,251400.93718140153,True
245,4529195,2264.5975,stroke,136,1.735272515053074e-05,False,0.06581872301229458,False,0.06582373780813568,False,18031.791518824008,True,0.013414721112576331,True,46064.79160034195,True
246,4546835,2273.4175,stroke,136,123.42687758151803,False,527865.5999655043,False,527862.6454952017,False,140696.85297396334,True,527817.9302050044,True,72318.22410595627,True
247,4561881,2280.9405,stroke,136,0.04803384910024802,False,37589.9082583854,False,37591.530651692345,False,213824.41576433662,True,37588.24619761752,True,182149.49220429076,True
248,4584568,2292.284,stroke,136,0.04803598569502425,False,353014.5475734579,False,353000.51556116523,False,203788.06093120362,True,352942.0307984061,True,225804.57146675582,True
249,4597778,2298.889,stroke,136,0.048025163427636255,False,91494.18768444762,False,91521.52453629195,False,184324.68461779424,True,91510.21920158571,True,62981.442044836425,True
250,4619212,2309.606,stroke,136,0.04803759024613566,False,137373.39415888133,False,137344.7132848925,False,130006.98199289531,True,137369.55997409864,True,68734.79838224026,True
251,4638043,2319.0215,stroke,136,0.04803384910024477,False,126999.02097100473,False,126968.91331225881,False,143592.18606707235,True,126922.82461811823,True,149931.40176836785,True
252,4652604,2326.302,stroke,136,0.048038609556222696,False,62119.09268112699,False,62106.56196167125,False,84084.38817285057,True,62142.70286182212,True,67820.97333377061,True
253,4667296,2333.648,stroke,136,0.04802909565329398,False,74716.37308572944,False,74617.62394002324,False,119333.6736683711,True,74660.0934725021,True,71951.63561580489,True
254,4679422,2339.711,stroke,136,0.048034148874179075,False,4.0221760828375446e-05,False,3.8454813447761794e-05,False,134920.9984422971,True,1.9125159518484333e-05,True,82806.13963438803,True
255,4693218,2346.609,stroke,136,0.04802739756407437,False,3.463901747459633e-05,False,3.997289985425035e-05,False,109422.47189876923,True,2.11787524696252e-05,True,104060.97081772998,True
256,4707246,2353.623,stroke,136,0.04803860955622054,False,2.9836975784832473e-05,False,0.01343224152493596,False,62392.964992890076,True,3.968780885685053e-05,True,60614.631550932405,True
257,4725676,2362.838,stroke,136,0.04803598569502425,False,278015.39742514276,False,278034.19662714796,False,93247.36628085672,True,278017.8312417936,True,67107.97351350237,True
258,4743617,2371.8085,stroke,136,0.048035985695020864,False,0.04599418938354217,False,4.0677570082940155e-05,False,100664.357332035,True,1.9621525000371763e-05,True,249593.11501838744,True
259,4758104,2379.052,stroke,136,0.04803384910024802,False,0.04600011658026765,False,3.997289985425035e-05,False,291923.26569470495,True,2.78272774267682e-05,True,66384.1294966896,True
260,4773803,2386.9015,stroke,136,0.04802550961757812,False,22365.288861266083,False,22364.365010397894,False,294742.74983664125,True,22364.669438550085,True,68550.01269571972,True
261,4790100,2395.05,stroke,136,181548.39030946285,False,294388.6629573954,False,294324.9005707275,False,99511.82524853933,True,294418.4154197618,True,68671.11721790618,True
262,4802598,2401.299,stroke,136,0.0002979076476652829,False,3.0135569831343588e-05,False,4.826225221033982e-05,False,60776.47999153948,True,3.134596130093694e-05,True,58703.1213333966,True
263,4815943,2407.9715,stroke,136,0.00015492940744599962,False,3.6872369607773067e-05,False,7.093687742376351e-05,False,127453.72332916743,True,3.483345393051748e-05,True,105040.97722775809,True
264,4830269,2415.1345,stroke,136,0.0001944922166640677,False,2.5607812620173633e-05,False,4.49913688699261e-05,False,132949.55489682688,True,2.755164434763988e-05,True,96075.65388711801,True
265,4844315,2422.1575,stroke,136,33941.72124027208,False,2.3423233311880038e-05,False,7.965249458586601e-05,False,198414.69046428514,True,3.580742396574639e-05,True,189453.46850950166,True
266,4856556,2428.278,stroke,136,2.8950185752758165e-05,False,2.3423233311880038e-05,False,7.965249458586601e-05,False,373318.8565193915,True,3.343138379635564e-05,True,303972.5757387033,True
267,4876146,2438.073,stroke,136,1.153864223369306,False,2.3423233311880038e-05,False,5.3335555113779925e-05,False,317178.21986432176,True,2.8210867148089146e-05,True,113902.63848464111,True
268,4897687,2448.8435,stroke,136,2.034056226777694e-05,False,3.2064847871642446e-05,False,3.9353200899300926e-05,False,50000.666681194794,True,4.3280326251611216e-05,True,58886.148680479746,True
269,4911852,2455.926,stroke,136,2.2028206685960955e-05,False,3.739710798746672e-05,False,5.508287897064597e-05,False,147736.05015659952,True,3.5807423965746344e-05,True,129238.34876643546,True
270,4925069,2462.5345,stroke,136,6416.292581313766,False,2.694307950730975e-05,False,5.3335555113779925e-05,False,57901.13683234889,True,3.2708912079272994e-05,True,81621.24430559915,True
271,4940447,2470.2235,stroke,136,0.0010890846279020456,False,2.5607812620173633e-05,False,4.480103091076596e-05,False,176969.03046848346,True,2.893310338958623e-05,True,1691.676260278994,True
272,4952726,2476.363,stroke,136,1.1439397214385973,False,2.706731190150244e-05,False,3.8618233973349506e-05,False,241512.30002749665,True,2.686740427448635e-05,True,962.5432244168305,True
273,4970617,2485.3085,stroke,136,5.4730713344198e-05,False,0.0014969722670282013,False,0.058155261435154974,False,229092.75543781026,True,0.001483575808689564,True,1506.4910639160603,True
274,4986829,2493.4145,stroke,136,4.161671090955632e-05,False,1.2525232309422299e-05,False,0.0566843005576005,False,265568.87579496717,True,3.959925788537343e-05,True,2346.0914873879474,True
275,5000798,2500.399,stroke,136,0.00168114705559318,False,5.8382752226763264e-05,False,0.07114806794863146,False,220663.69054290227,True,0.06942354383513097,True,2860.2256628370196,True
276,5015671,2507.8355,stroke,136,0.0018762445219710905,False,57419.246145777055,False,57428.08574722275,False,283562.6304792394,True,57439.939575266006,True,3686.158111867081,True
277,5030323,2515.1615,stroke,136,0.0658314739505595,False,2.630706744029146e-05,False,4.059160093260829e-05,False,34526.90764926092,True,3.9645091774670793e-05,True,456.2601198608642,True
278,5042604,2521.302,stroke,136,29073.40872778395,False,2.8986417808284335e-05,False,4.690504882898889e-05,False,247229.9720596794,True,3.9645091774670793e-05,True,6973.264164311258,True
279,5057835,2528.9175,stroke,136,0.07625386054895394,False,2.8986417808284287e-05,False,4.196084610426992e-05,False,15625.942042683448,True,3.992445861094205e-05,True,9581.513964284084,True
280,5073520,2536.76,stroke,136,59594.02301198497,False,2.7658112682696763e-05,False,4.059160093418719e-05,False,17017.126598997114,True,4.16489936367788e-05,True,11674.66797886591,True
281,5172432,2586.216,stroke,136,1465.0516146000273,False,2.558178673919957e-05,False,4.282516215446898e-05,False,99.98114603698642,True,3.992445861094205e-05,True,115.91473132521264,True
282,5213430,2606.715,stroke,136,1722.4781277105512,False,2.6199856632152092e-05,False,4.47639494325484e-05,False,385.61627914482676,True,4.0090763619875846e-05,True,677.0366426053522,True
283,5416282,2708.141,stroke,136,102594.43655624072,False,2.993429300983428e-05,False,3.845481344705454e-05,False,5115.769192383353,True,3.9645091774670793e-05,True,11490.90490743001,True
284,5428355,2714.1775,stroke,136,0.06581347410788005,False,2.7694977335656076e-05,False,4.059160093741442e-05,False,111.35504957532427,True,3.992445861094205e-05,True,159.30310470454492,True
