detection_idx,pulse_index,pulse_time_s,hemisphere,detection_channel,ch2_amplitude,ch2_relevant,ch4_amplitude,ch4_relevant,ch7_amplitude,ch7_relevant,ch8_amplitude,ch8_relevant,ch9_amplitude,ch9_relevant,ch11_amplitude,ch11_relevant
0,15247,7.6235,healthy,2,2.452501712834616,True,3.3692528100832857,True,4.1552456527586035,True,2.7469382339622532,False,9.108057654473518,False,10.038667217638126,False
1,22426,11.213,healthy,2,6.9607152646036745,True,4.35807663988352,True,4.153224459461952,True,8.918981821144406,False,4.006354706248888,False,8.387253020652883,False
2,25561,12.7805,healthy,2,4.618292413610403,True,2.366761180438815,True,4.66397091706869,True,4.681835516066602,False,8.072098218335402,False,8.89384382909067,False
3,28939,14.4695,healthy,2,3.373372693539146,True,2.1163411391597733,True,3.6733357245567877,True,3.1778086402743746,False,5.919933084041585,False,7.626686809992181,False
4,36253,18.1265,healthy,2,3.612399417276379,True,3.6924827087035785,True,2.543063961087909,True,3.8086816878331184,False,4.38802392582104,False,13.717044197304045,False
5,47036,23.518,healthy,2,5.225854226830098,True,11.362150573401879,True,4.824849907052649,True,2.3701772533782717,False,5.635801506596055,False,5.4577110217677,False
6,54551,27.2755,healthy,2,5.472893222018838,True,3.0980438610453978,True,3.430815849004713,True,3.13466745125475,False,2.6922269193737387,False,7.881946370854268,False
7,63959,31.9795,healthy,2,2.8641162185981472,True,3.138800577776146,True,11.015625897313795,True,3.360620942898817,False,6.157904244872999,False,9.158218579946666,False
8,70076,35.038,healthy,2,5.845731786858288,True,2.9247789280475134,True,3.7484680228887064,True,3.116693610506784,False,2.820372025922946,False,13.284809584055342,False
9,77976,38.988,healthy,2,2.9179264384802184,True,3.2681355520413202,True,3.8034264797445383,True,2.4704553130694515,False,2.8679194589238315,False,12.092591595171468,False
10,81502,40.751,healthy,2,6.052015262985192,True,4.0844688257297825,True,3.923789413687261,True,4.59208028325149,False,3.5644713488828073,False,6.623907292565493,False
11,86789,43.3945,healthy,2,3.639099315793062,True,2.2441571696820137,True,4.235964715751197,True,4.458126169893369,False,5.03506753312133,False,6.282490149889953,False
12,94086,47.043,healthy,2,4.542168310090269,True,4.467392533022492,True,36.141408676896006,True,2.411739215461878,False,4.5306981953768055,False,7.564592637044033,False
13,100238,50.119,healthy,2,6.774608643433081,True,6.933728236407797,True,5.224102651513382,True,2.0149198280317613,False,2.6578713865572974,False,6.33049930124758,False
14,150314,75.157,healthy,2,5.134347362227075,True,4.404885842724013,True,5.9644828039435165,True,6.405436191429572,False,5.643901123371808,False,15.409297938299066,False
15,154758,77.379,healthy,2,3.108699498276257,True,3.894712322600394,True,4.907267049886885,True,5.147586325719725,False,9.381397277546503,False,12.114487731073083,False
16,159948,79.974,healthy,2,12.215654123654774,True,6.7103433678816256,True,4.106580367023081,True,6.792814075383342,False,8.755639164612447,False,8.62116358845729,False
17,163993,81.9965,healthy,2,3.0687333485327253,True,3.3371409941625956,True,3.929372978370856,True,5.9056518917053795,False,7.282829470589329,False,12.655725677156653,False
18,170897,85.4485,healthy,2,2.609003474316538,True,4.6972375942689695,True,3.9691111262590004,True,2.9293357479677873,False,5.900985656109231,False,6.6253243278959175,False
19,180431,90.2155,healthy,2,12.683003371992548,True,6.992464089085687,True,3.341217365814984,True,7.466295320864832,False,13.519878672381985,False,79.0890376781561,False
20,185995,92.9975,healthy,2,14.261603950115543,True,14.07834804654208,True,14.436744680733101,True,30.30723626397991,False,14.776857806289737,False,18.801196027609755,False
21,195167,97.5835,healthy,2,7.061837152014364,True,3.6782050239106825,True,3.6913706325484874,True,5.725690244225602,False,10.45828687209274,False,21.196170652586787,False
22,199988,99.994,healthy,2,47.59175089240843,True,17.426238610029387,True,21.831347329628997,True,38.42458974652558,False,17.371530275746046,False,25.06824155886784,False
23,207515,103.7575,healthy,2,15.743830193274782,True,12.490478789023737,True,19.239347133332235,True,35.80977945034776,False,19.619031596522603,False,22.490275403272847,False
24,209862,104.931,healthy,2,11.367209847441892,True,15.865797802964336,True,18.776953332950434,True,39.68729256709876,False,18.500915408945893,False,28.518157533280046,False
25,215373,107.6865,healthy,2,10.69202805910015,True,11.930964526903136,True,18.43040378302232,True,30.134424778390752,False,22.986297601040345,False,30.038322346242865,False
26,218090,109.045,healthy,2,14.22616468500161,True,18.920881131897612,True,33.78330949157104,True,35.97071477373125,False,23.35993147687759,False,35.5714180324746,False
27,221776,110.888,healthy,2,3.877847177573381,True,3.142069503025974,True,5.850789376598724,True,3.796718078822349,False,4.130675260025738,False,11.315622927335417,False
28,229635,114.8175,healthy,2,12.2914029069942,True,14.330259435583294,True,19.434835504636652,True,34.60939650407124,False,17.822293642560386,False,35.95934566009089,False
29,236550,118.275,healthy,2,14.407420498720317,True,16.81465239034419,True,18.12385021311049,True,40.59892713808334,False,19.38259076339959,False,33.06022779129756,False
30,239440,119.72,healthy,2,14.997991214772217,True,15.755210609859667,True,14.928894523088365,True,41.86593275236686,False,24.72775923867933,False,28.70208379109809,False
31,247319,123.6595,healthy,2,13.71000046143206,True,13.12723348271025,True,13.811294576540572,True,43.0562512335494,False,28.94096559679994,False,44.75048393022699,False
32,250614,125.307,healthy,2,15.030812565570834,True,14.010542169200628,True,16.366144830497337,True,38.59764585653879,False,27.64367571762869,False,45.34581315086409,False
33,254084,127.042,healthy,2,14.656648247951141,True,11.27104980632583,True,16.18802053225215,True,36.419827026461846,False,25.211536718510622,False,44.371135171004894,False
34,259684,129.842,healthy,2,2.254148940086207,True,3.0758430773703105,True,4.585900226950586,True,3.1040336477202786,False,4.275118328505212,False,7.648405514872831,False
35,266406,133.203,healthy,2,13.865030595735139,True,21.089692504928955,True,39.77115703772493,True,45.83563822639515,False,28.581404003885268,False,43.364097991173296,False
36,270032,135.016,healthy,2,13.244670392602153,True,17.3410685246873,True,15.908338486135744,True,38.96065886284681,False,28.71479738490257,False,37.746210081857974,False
37,278110,139.055,healthy,2,3.5836415741005405,True,3.2062311428982113,True,3.720661788679072,True,4.291514710431902,False,4.499040459823851,False,9.359185424020314,False
38,316103,158.0515,healthy,2,19.620492325617317,True,24.807269355599644,True,179.35260402772855,True,67.14105671581302,False,38.44761818912823,False,62.3847953450897,False
39,319451,159.7255,healthy,2,19.588851274185394,True,24.012281631442704,True,198.10795114318057,True,63.40389068480834,False,40.112734794836854,False,73.82712869573464,False
40,322309,161.1545,healthy,2,18.185934871909485,True,22.04055727987189,True,76.78253706861888,True,67.89168995332928,False,38.53188874524105,False,77.48001130166647,False
41,329099,164.5495,healthy,2,17.304831586181056,True,20.939793317916866,True,154.8050635882334,True,57.14253282167584,False,36.44534454945686,False,75.8817329012257,False
42,332152,166.076,healthy,2,19.36119121286859,True,19.128259228046772,True,189.565334267216,True,60.65629099391031,False,29.632236898448255,False,76.4775018353447,False
43,335732,167.866,healthy,2,20.2511949752862,True,29.140643699827226,True,229.52064070265857,True,68.35631405660418,False,39.12053317753019,False,80.68562254016233,False
44,339635,169.8175,healthy,2,20.07295704386878,True,26.08000162010876,True,140.72347406211506,True,56.49301341693101,False,35.80964394239777,False,67.72845596994446,False
45,343877,171.9385,healthy,2,20.15889300281906,True,22.616488397428114,True,101.68558947891114,True,63.611163191465835,False,35.27620879634229,False,67.1705398243028,False
46,351282,175.641,healthy,2,18.816209690585886,True,20.65668343734285,True,60.242862302805506,True,64.02320773083594,False,33.72601442781958,False,62.828007307248285,False
47,357664,178.832,healthy,2,17.675403323163774,True,22.13359285342827,True,154.32456106650176,True,61.142584525448086,False,36.91804669279222,False,64.49550180070825,False
48,363547,181.7735,healthy,2,18.006646665088997,True,36.8334864617901,True,171.44362683356894,True,61.030025618437804,False,36.719668371534475,False,70.44705584637049,False
49,369286,184.643,healthy,2,4.437004236316321,True,2.9507275757349998,True,2.7985686857978687,True,2.749786967191876,False,5.1682145896698275,False,11.416308509151515,False
50,375203,187.6015,healthy,2,18.484910649764927,True,27.456701320776865,True,3.9286630160160634,True,68.50003504316709,False,37.65049482438322,False,70.92483288889986,False
51,379853,189.9265,healthy,2,20.036633054252597,True,23.17854238138129,True,73.30581148017109,True,74.29729341965161,False,31.663607764666153,False,72.84296212146089,False
52,384293,192.1465,healthy,2,18.473317639947798,True,26.06430067585758,True,59.89117864393303,True,60.317612022156524,False,35.59888852595492,False,75.67630593219859,False
53,389387,194.6935,healthy,2,18.883309079509083,True,18.45165610184955,True,68.26614409186584,True,59.71505096711586,False,24.104351932632685,False,77.89672449669843,False
54,394465,197.2325,healthy,2,19.78289412154593,True,20.557256352447883,True,89.65111591791522,True,62.76081707771844,False,38.915770697778186,False,79.52215306315993,False
55,401091,200.5455,healthy,2,18.61132534534437,True,27.172794430192567,True,84.3771892609225,True,66.98321098064648,False,37.23629705251359,False,67.01005664284796,False
56,403808,201.904,healthy,2,4.685464418413889,True,3.186832339528137,True,2.177289803833458,True,2.083290415330248,False,6.392293125262494,False,14.012001235232052,False
57,412139,206.0695,healthy,2,18.929234044654383,True,29.86038507451204,True,59.430705467481715,True,52.45839347285217,False,28.818700226030284,False,67.93128268246092,False
58,422050,211.025,healthy,2,20.972032512167612,True,22.704970114455094,True,70.33165200059557,True,57.99932577087975,False,27.04023425251517,False,56.96838541259498,False
59,427168,213.584,healthy,2,2.9154107562281357,True,2.2715600491262338,True,4.056029634267946,True,4.732617838096073,False,7.123202254115213,False,11.80044469141595,False
60,433711,216.8555,healthy,2,2.5171653708821218,True,3.1232811645261123,True,4.561202369017838,True,7.988980364385403,False,5.281782816892907,False,8.285027119837174,False
61,438387,219.1935,healthy,2,19.176253115987976,True,21.718560721392937,True,800.8205764329348,True,59.661125007018796,False,32.80541651987738,False,61.901549899463745,False
62,446141,223.0705,healthy,2,19.061005547361685,True,19.40188949368674,True,277.7867496556594,True,69.07117501874728,False,42.45043524856368,False,66.50031582150092,False
63,452502,226.251,healthy,2,20.131121847562987,True,23.35663888684413,True,12.90834480253244,True,65.31508926828992,False,30.05620660174238,False,66.4541478215399,False
64,456623,228.3115,healthy,2,19.315636979758892,True,20.24780021617905,True,242.18520154270465,True,59.86178965562832,False,33.330383257576884,False,69.76008953199349,False
65,460596,230.298,healthy,2,21.16584628274802,True,26.332622487421226,True,79.16887387617996,True,82.75094279282823,False,44.899827974077404,False,61.30614873096976,False
66,463944,231.972,healthy,2,2.0287858875255997,True,2.2116536139583927,True,3.151530546735752,True,3.0941073495099447,False,2.889053699009775,False,17.212405949745836,False
67,482222,241.111,healthy,2,4.700683297117773,True,4.023418421500735,True,3.777247941984573,True,2.9903905115608893,False,6.963866151889879,False,6.1791442712433176,False
68,486079,243.0395,healthy,2,3.686845668272536,True,3.5688150340348095,True,4.333503713462164,True,3.1588973478309024,False,3.801587765831494,False,8.187083607533086,False
69,508056,254.028,healthy,2,10.734576888911977,True,15.018916802344073,True,22.284234380625307,True,46.64048726296785,False,33.53108049355552,False,34.5820340244799,False
70,512534,256.267,healthy,2,14.306645456745068,True,12.05287771935787,True,27.492641559531883,True,46.959849976646254,False,25.553626197648725,False,47.25132359071165,False
71,516861,258.4305,healthy,2,15.796080460113771,True,20.019125114785012,True,119.904227190972,True,47.42739312534578,False,25.822860360910276,False,35.38142963431134,False
72,521481,260.7405,healthy,2,14.726849683052297,True,19.775077245045644,True,93.99266394186063,True,47.496784323825445,False,18.098999227253074,False,41.31221618240663,False
73,524570,262.285,healthy,2,11.330607461088931,True,3.0717308047765313,True,3.5532590160293096,True,7.041605636660583,False,8.337918409814556,False,10.157389596705833,False
74,528345,264.1725,healthy,2,13.623488176087278,True,12.445157865158818,True,21.957353729114892,True,44.80654889792328,False,19.404253207089596,False,44.32757262607323,False
75,533636,266.818,healthy,2,13.04558056190132,True,13.26743247239084,True,146.9445981947482,True,44.18273436405468,False,20.487114276112624,False,53.876897966236925,False
76,539643,269.8215,healthy,2,14.377628518690992,True,13.927214560318848,True,19.39554405312726,True,53.99490388993147,False,28.189459572957553,False,46.145327382636914,False
77,545890,272.945,healthy,2,11.810637016497486,True,11.48057005445534,True,21.341739061542377,True,44.274902805430095,False,24.392678496016373,False,45.19979615548373,False
78,550048,275.024,healthy,2,12.180397658797098,True,11.341431856071502,True,18.353199344540826,True,36.50318347265208,False,22.59944780416213,False,46.312826440006795,False
79,554084,277.042,healthy,2,12.611018797063977,True,13.974558872684518,True,17.110700093271173,True,38.65111154216171,False,21.231001616848985,False,28.711540208765648,False
80,556228,278.114,healthy,2,10.055938479762132,True,12.519402081554542,True,14.381851668217159,True,46.04680258382019,False,18.147684855817072,False,44.28114110652555,False
81,568220,284.11,healthy,2,10.38073461073076,True,13.928041668260075,True,12.641268303760185,True,36.03115144775567,False,16.295704908857058,False,26.887509839660353,False
82,574793,287.3965,healthy,2,2.148081864439933,True,2.929147654632146,True,3.656234793604875,True,8.975633938779119,False,5.888271830201482,False,5.044617640271965,False
83,589237,294.6185,healthy,2,4.807185039316586,True,3.7529964818678456,True,3.2412805639121647,True,2.4035837905822586,False,8.668811214539325,False,6.731726002947125,False
84,592843,296.4215,healthy,2,14.029806146190623,True,15.632549021327641,True,39.62315739733312,True,33.399899262330706,False,16.322746146863622,False,26.776348873243624,False
85,596560,298.28,healthy,2,12.471640515788437,True,14.226161147346083,True,28.880956485884727,True,37.322480505959234,False,14.361500455063144,False,42.283208712803955,False
86,601704,300.852,healthy,2,14.605391230133595,True,13.4038418066627,True,15.532016613421145,True,31.08121031701775,False,18.622354390424576,False,32.970076088643005,False
87,603975,301.9875,healthy,2,3.665449962207714,True,3.2481590514416814,True,3.125529268975124,True,8.117452345482574,False,3.5454920792283096,False,11.775316785820433,False
88,627978,313.989,healthy,2,3.796668613754945,True,2.784029348304186,True,3.9489352905960495,True,2.624670935375182,False,7.090265832570877,False,8.219018588455025,False
89,638218,319.109,healthy,2,16.795905654069323,True,23.15223131008441,True,265.5921384541532,True,55.10966976484447,False,29.91694959816618,False,58.08925243031099,False
90,640533,320.2665,healthy,2,17.477326621874063,True,25.107096670490137,True,131.02145878402658,True,52.66593878170421,False,26.734574770154822,False,51.53704408772696,False
91,648453,324.2265,healthy,2,17.29898737250497,True,26.63462084390164,True,103.17665752942389,True,52.08938668300385,False,26.854436214027224,False,66.16469565151186,False
92,652840,326.42,healthy,2,16.309158152565196,True,18.93456036433199,True,66.6141509530971,True,48.214261076830134,False,28.946021858175833,False,64.9148580022541,False
93,657534,328.767,healthy,2,19.57360919677749,True,20.436029025418755,True,17.625900934297725,True,55.84750092851514,False,28.67260219352624,False,54.1804460335254,False
94,661604,330.802,healthy,2,18.580248585893926,True,18.581902846102633,True,78.52079856265058,True,64.30281095778611,False,32.101676536257166,False,67.35215652251655,False
95,665505,332.7525,healthy,2,17.27927871206475,True,21.43896014468497,True,922.5726125294318,True,78.80214597448821,False,26.298562207185526,False,67.63588861279072,False
96,671521,335.7605,healthy,2,17.06739515629937,True,22.410129598438438,True,8.494581183127252,True,64.17490031292347,False,30.283289611511965,False,57.723364866983594,False
97,675655,337.8275,healthy,2,19.869755861702878,True,19.986541710938646,True,134.86212119019092,True,50.086174304595346,False,30.834343388565834,False,56.65291065343773,False
98,692019,346.0095,healthy,2,18.661515989108587,True,20.349764496253812,True,70.89359039659519,True,52.614142623680394,False,23.030075691507975,False,52.596246122186386,False
99,695811,347.9055,healthy,2,4.202998737159516,True,2.5514318324128142,True,3.418861239700902,True,6.83395495128978,False,3.9196545584729674,False,5.227355767783811,False
100,702472,351.236,healthy,2,16.70389458697658,True,17.889214860478816,True,117.8965116480409,True,50.30635317102343,False,20.953680350851947,False,58.743308084019155,False
101,709854,354.927,healthy,2,15.292231614990591,True,16.12758215590791,True,12.344267787503373,True,48.462953909931684,False,17.18676482930836,False,47.51776121587578,False
102,713493,356.7465,healthy,2,18.644464644311224,True,20.07790671379126,True,195.52746840444263,True,49.40658695719672,False,26.82948530065809,False,53.05321071689356,False
103,718674,359.337,healthy,2,17.912562886985466,True,19.409777113879162,True,75.09697728548389,True,54.01315132257546,False,26.408436439696523,False,63.114357977954384,False
104,720878,360.439,healthy,2,4.382004985179092,True,3.155431202001072,True,3.650457292998955,True,2.4026081690399175,False,5.843241051776992,False,10.852168277357594,False
105,723027,361.5135,healthy,2,17.81416227460972,True,27.74057211760886,True,101.27400562569017,True,47.93961271939742,False,24.166805260510785,False,57.23752124343831,False
106,725836,362.918,healthy,2,5.408334192230246,True,3.2628221550890766,True,3.0014910002958746,True,4.072264293053132,False,3.7436204868378073,False,5.932703684806349,False
107,730897,365.4485,healthy,2,20.373720023291977,True,18.169382633636566,True,82.56333292999372,True,56.21558576535395,False,17.914622350652103,False,64.54281307138073,False
108,736373,368.1865,healthy,2,18.79735916643111,True,16.740503727644036,True,47.18872748921844,True,48.41314529449159,False,23.408091651740214,False,53.54283594618425,False
109,741065,370.5325,healthy,2,17.176970410440667,True,22.733957534129882,True,38.489487940633126,True,49.99753355156192,False,21.144338601116246,False,41.51896060573745,False
110,743752,371.876,healthy,2,2.998473409791835,True,2.869173323866181,True,5.932541946074235,True,2.426525945583937,False,2.5833991271954417,False,10.865684335997182,False
111,751338,375.669,healthy,2,18.819600348355696,True,16.72944697143434,True,164.49289675070713,True,50.16492996213482,False,26.359990979115214,False,48.98135996550549,False
112,757162,378.581,healthy,2,7.80943800549352,True,2.8728303262008144,True,4.590544311008426,True,2.2763375919317763,False,3.723784143301555,False,5.728179701287333,False
113,764976,382.488,healthy,2,17.958841702995713,True,18.17582731167665,True,75.92043379312014,True,37.83325451911222,False,21.464732822763146,False,34.5769237757229,False
114,769528,384.764,healthy,2,20.516863956939176,True,20.488486583666013,True,126.74592938697357,True,42.789301917100154,False,18.92769975475042,False,44.037007868998316,False
115,773949,386.9745,healthy,2,22.13555621348481,True,15.993123886081577,True,58.017239455474154,True,52.72368310838014,False,25.894623164059276,False,69.15663945268409,False
116,778672,389.336,healthy,2,16.68390857379952,True,20.70233235474324,True,26.50574939151536,True,57.010449558907254,False,23.597769494590718,False,43.06711010602098,False
117,784952,392.476,healthy,2,19.67820119715229,True,20.08404569293597,True,72.2825273343169,True,46.41268485493965,False,33.26879337244984,False,66.00933425836295,False
118,789803,394.9015,healthy,2,18.601362438219667,True,22.094185260934054,True,19.49510899363862,True,47.36585464751311,False,31.72462399494694,False,61.46061127009769,False
119,792262,396.131,healthy,2,19.31963139794051,True,20.6869278786094,True,8.577138350111223,True,50.83499167301964,False,30.96305142908946,False,74.5814951245816,False
120,797078,398.539,healthy,2,18.66281704248339,True,18.932461085531944,True,89.55085402725143,True,52.55563532681272,False,30.44909513722845,False,64.8497320875488,False
121,802389,401.1945,healthy,2,15.749258758386425,True,25.734588333272225,True,39.489730028707555,True,63.868107622935554,False,38.04795828542946,False,67.78807736994476,False
122,824227,412.1135,healthy,2,2.779572669526135,True,2.7427507676033955,True,4.913814612869848,True,2.41203414388638,False,5.85124208025986,False,6.363959068773909,False
123,828303,414.1515,healthy,2,8.813543913223508,True,3.1335613792629653,True,3.4337414147110215,True,4.932011274866427,False,6.678983641064595,False,6.929631129289811,False
124,830888,415.444,healthy,2,5.082159566317164,True,3.6228232158425477,True,2.650159010607374,True,3.0469608901501584,False,6.390314867294348,False,10.816687027504576,False
125,850432,425.216,healthy,2,16.75357841830207,True,21.90230903161857,True,86.82983842437162,True,58.020870355466556,False,27.933895888031074,False,64.26747006865243,False
126,855221,427.6105,healthy,2,18.51662604753423,True,23.544479231955723,True,137.4097033737396,True,57.69179532892739,False,25.76558611205087,False,65.27921045392404,False
127,858251,429.1255,healthy,2,17.08379856361442,True,25.62299445044536,True,75.18376785976074,True,62.93026051218361,False,27.72513773921689,False,63.60976831402698,False
128,861785,430.8925,healthy,2,4.170273639577101,True,4.317177122475807,True,6.848547253533683,True,3.263842065136067,False,3.0618760460510384,False,6.891562332173766,False
129,872854,436.427,healthy,2,2.9452547851763518,True,2.9551795224043618,True,4.223344877167959,True,6.622753275684005,False,10.900694920239722,False,7.795273185584162,False
130,877806,438.903,healthy,2,3.884817565175192,True,4.38404924796404,True,6.662059488886678,True,6.499276004492602,False,4.908272787059329,False,4.131829436614691,False
131,880438,440.219,healthy,2,6.766627751935667,True,3.0207498223801843,True,4.274615858310957,True,4.643171740075731,False,5.486727203616317,False,4.785988451548405,False
132,884266,442.133,healthy,2,3.3619042185916106,True,2.853360974859589,True,3.1225458839353166,True,1.8296442662597334,False,3.563208358009294,False,6.099612306983373,False
133,928155,464.0775,healthy,2,2.2715862452624958,True,2.420441144599493,True,2.6547549539154467,True,1.813357906141714,False,9.737765911561306,False,12.49297845360274,False
134,932250,466.125,healthy,2,12.584264731724996,True,14.699363181425394,True,9.936265265072768,True,23.149165370223795,False,12.687428809591745,False,33.28058129958866,False
135,936233,468.1165,healthy,2,3.2237756176214223,True,2.4550364218791962,True,3.1397374112156995,True,4.5001256895406145,False,5.478180205111394,False,6.726588630288797,False
136,938252,469.126,healthy,2,13.72981285306987,True,15.499215174511013,True,9.866016305275997,True,22.48550950911944,False,14.250594919908915,False,37.19778708996388,False
137,942141,471.0705,healthy,2,16.0502311400306,True,16.516273932175565,True,161.4747253792554,True,34.44633457362218,False,16.13094361408441,False,29.78304421086289,False
138,945010,472.505,healthy,2,12.43896115804727,True,14.429342641726365,True,37.671720514352046,True,33.06750606520423,False,18.75341732534198,False,24.704905985854865,False
139,948550,474.275,healthy,2,13.653606738995656,True,28.01781187489844,True,99.5940366142193,True,32.3011104809797,False,17.31806250129918,False,25.822005826590278,False
140,954784,477.392,healthy,2,13.087227845214365,True,20.201025235754734,True,129.13849601145319,True,32.532761488694874,False,18.886121900777944,False,33.79662131045618,False
141,959417,479.7085,healthy,2,4.903799318375296,True,4.053650414918442,True,3.3325137153160584,True,8.493237282281504,False,6.549704857135228,False,10.072387354028724,False
142,969996,484.998,healthy,2,14.800215047069912,True,21.41252421932147,True,69.27828606206651,True,35.13859837052231,False,20.00766397889214,False,39.20820953463809,False
143,974748,487.374,healthy,2,2.5981499048389782,True,3.371782536902616,True,3.526761435698536,True,2.8859809743964275,False,5.406601603926747,False,5.075411212429903,False
144,982136,491.068,healthy,2,2.8447058002260905,True,1.8866964981606102,True,3.213862153080287,True,1.768261045282438,False,3.0758928986213485,False,6.068298364577052,False
145,988342,494.171,healthy,2,14.029856231465967,True,15.386484060471615,True,235.77893073618208,True,31.294211531911863,False,16.926943091867756,False,23.730791802181642,False
146,993187,496.5935,healthy,2,11.255234403849881,True,23.722597963418192,True,69.02259073043433,True,34.237609830743345,False,14.599875865615132,False,40.6557621300993,False
147,998431,499.2155,healthy,2,11.577506400113467,True,19.187523929474445,True,99.08868766869216,True,32.482014986628535,False,23.49152369831679,False,32.17120705140433,False
148,1002608,501.304,healthy,2,12.966736649282172,True,32.898774531195194,True,142.85272636541848,True,29.57217736471935,False,14.846776610170531,False,31.771676964193464,False
149,1007744,503.872,healthy,2,12.607174666097778,True,16.359451445804645,True,15.168642091981416,True,34.943234459734555,False,24.791308448936306,False,37.73132386925084,False
150,1009958,504.979,healthy,2,14.622922176684959,True,35.78130204063425,True,102.62599677790664,True,30.74557351517453,False,16.934861517973143,False,29.576226262680816,False
151,1017581,508.7905,healthy,2,19.371705930196484,True,14.182562916226015,True,66.14927847962603,True,27.220776308816,False,21.935070701905204,False,31.12446419626334,False
152,1023177,511.5885,healthy,2,13.325278467114298,True,21.411770716592414,True,14.061218938687112,True,34.23394259354848,False,11.503029930239991,False,33.222456106326185,False
153,1057314,528.657,healthy,2,7.934520571656898,True,3.9236917081507876,True,3.8652726693407127,True,2.5778281683651394,False,2.3884738491051896,False,14.294686492723372,False
154,1065113,532.5565,healthy,2,3.0975196613341867,True,2.7520584699394606,True,3.0812520324758492,True,1.950780888012577,False,7.492905789988091,False,4.904603724502338,False
155,1085292,542.646,healthy,2,14.722495237635233,True,28.623615543507157,True,165.8417502668683,True,44.82439940617327,False,26.32863513576484,False,27.720489748385205,False
156,1090726,545.363,healthy,2,16.120074959029562,True,22.32344946339606,True,71.22521091240401,True,50.68917963950791,False,26.399016796624903,False,60.9572150674421,False
157,1093592,546.796,healthy,2,5.625272372695479,True,3.566676738369624,True,2.7967158405997283,True,2.349885120500664,False,7.715221381571106,False,7.699393762326786,False
158,1102063,551.0315,healthy,2,4.331879794132575,True,2.853479430512775,True,2.886647940698964,True,3.0248180351849188,False,11.544441881548005,False,11.367530620217085,False
159,1108361,554.1805,healthy,2,3.2035380600522525,True,2.749349560194082,True,3.6669090400232474,True,5.263499911362887,False,8.386979314025911,False,6.336874244431352,False
160,1113288,556.644,healthy,2,8.885587176659026,True,21.51856010246733,True,28.266077143654204,True,12.775429105157873,False,41.20732390148511,False,6.3711451991777235,False
161,1118151,559.0755,healthy,2,3.921731228138851,True,3.392704796215204,True,2.729920846303459,True,2.7810243646010955,False,4.410296654251877,False,9.179782633551396,False
162,1164761,582.3805,healthy,2,5.898399714040518,True,9.730214919832612,True,6.726758030534072,True,8.08992983088113,False,13.994017178449216,False,11.776325267694709,False
163,1213331,606.6655,healthy,2,3.948013974328273,True,2.936013894775204,True,3.2933874842556765,True,9.493944120340672,False,4.125230839500877,False,20.289308283894847,False
164,1227981,613.9905,healthy,2,11.698166955721476,True,71.37337737531348,True,116.17248303849756,True,16.525518198500052,False,80.10438545185937,False,29.43292414761189,False
165,1242370,621.185,healthy,2,3.9196505861673474,True,7.212490679113585,True,316.1511711080675,True,2.228325303991416,False,7.46758861274126,False,5.1284576622290405,False
166,1258183,629.0915,healthy,2,8.867692501010902,True,3.1423289953227522,True,5.166556999228219,True,2.3819139274863357,False,4.235480079136609,False,8.15290192258185,False
167,1261585,630.7925,healthy,2,2.5636812882426243,True,2.345961547461944,True,2.75254817142263,True,2.7376935450301625,False,2.590734687686104,False,15.864058855541806,False
168,1264579,632.2895,healthy,2,3.7260660846697,True,2.8142619613874014,True,3.7416774551502554,True,1.9149897400005078,False,3.96808918339024,False,9.730368913178452,False
169,1293882,646.941,healthy,2,4.038957393978466,True,2.2249094277791515,True,5.708604852183733,True,2.7917778574372774,False,3.613608456743664,False,8.993831936151436,False
170,1298027,649.0135,healthy,2,16.22605899815037,True,27.139426487723455,True,365.47056891835234,True,58.31277663039994,False,25.097035136711266,False,78.70957651479708,False
171,1305323,652.6615,healthy,2,16.97142868871144,True,20.97128478152659,True,466.185805932179,True,55.79462829964631,False,23.401336573669457,False,63.902438665159224,False
172,1310020,655.01,healthy,2,17.254439321443336,True,20.548194921653952,True,14.964003515500396,True,51.631758466289355,False,21.19255861931544,False,64.38128355423932,False
173,1314214,657.107,healthy,2,23.95286143704004,True,25.737787477120854,True,444.185600671808,True,47.93543450694753,False,28.210405470772997,False,48.71911715609589,False
174,1320522,660.261,healthy,2,16.677838965040408,True,24.192166572492056,True,209.90784102050463,True,50.41257418738176,False,20.389554596228827,False,46.26081320010145,False
175,1324584,662.292,healthy,2,17.43842811203119,True,31.38313917461972,True,145.00076755093298,True,55.18286027206399,False,23.49142295739152,False,54.613614183591544,False
176,1329433,664.7165,healthy,2,19.511654008784667,True,27.84648028746627,True,245.39579437827155,True,57.43167692900877,False,24.350756191423063,False,66.97205222404897,False
177,1351969,675.9845,healthy,2,15.782709591180533,True,24.443372542105532,True,535.092838007316,True,44.17075622347612,False,28.233253258284883,False,54.59321593102199,False
178,1358215,679.1075,healthy,2,17.008206738721157,True,21.723927010578347,True,64.82662891299486,True,49.9890059460906,False,26.633033264789113,False,77.05921388594632,False
179,1364073,682.0365,healthy,2,18.478875062070614,True,30.814078714325106,True,61.98707115881368,True,47.23303000374945,False,22.63690032628481,False,55.655929790361654,False
180,1370084,685.042,healthy,2,16.896928644267422,True,27.62890143956041,True,128.9151891650535,True,54.00657059344594,False,23.45585205647179,False,54.117955852053925,False
181,1387224,693.612,healthy,2,16.786189238994417,True,22.716656993171398,True,120.38729552193213,True,49.369570004759,False,24.364962831488583,False,43.434909739092596,False
182,1390033,695.0165,stroke,11,3.1785118228810565,False,2.535972729757997,False,3.043491272431229,False,2.4734195519511717,True,4.3608287389954805,True,7.0360357120347,True
183,1407802,703.901,stroke,11,1.715618451889726,False,2.2083555675400426,False,4.79812816876231,False,2.722423752135991,True,3.48577033381767,True,9.010674877054132,True
184,1550655,775.3275,stroke,11,1.8637862870725472,False,1.9947556960885284,False,2.5968770214004526,False,1.8107354765246877,True,2.930737419471442,True,8.866719962315498,True
185,1690641,845.3205,stroke,11,1.7005023551592138,False,3.3762506098324354,False,5.539878596869799,False,2.5012888310846906,True,3.301209311459944,True,16.924706619292085,True
186,1704845,852.4225,stroke,11,3.3771911946057065,False,2.6113009476980045,False,4.081577166463878,False,1.9135346479160926,True,2.468394835245451,True,8.65388320935621,True
187,1711099,855.5495,stroke,11,1.3568586794616033,False,2.8487061734423333,False,5.751473153520041,False,2.584226025259459,True,2.2900352423837615,True,10.513909671157666,True
188,1721873,860.9365,stroke,11,18.50381358087317,False,20.499444278902867,False,14.865985106427337,False,16.58927176542653,True,7.27803053858535,True,28.512034763978633,True
189,1724848,862.424,stroke,11,2.237216818854471,False,3.976955820295518,False,3.6538740675071404,False,1.978130965031246,True,2.3292006221919115,True,6.376778773095884,True
190,1736152,868.076,stroke,11,19.90686440791316,False,16.635524906841805,False,16.04860728557178,False,16.123278731712652,True,9.17078303248369,True,28.92812586359247,True
191,1739036,869.518,stroke,11,20.253457591933177,False,20.504262766860876,False,14.70717865191963,False,23.311582148816036,True,7.037463621694741,True,26.710358659708326,True
192,1746943,873.4715,stroke,11,19.371269991535353,False,23.915613780016912,False,14.82770848346313,False,18.14982099680031,True,6.702403579231895,True,31.44083955826157,True
193,1751169,875.5845,stroke,11,2.780715970836999,False,3.9667547851105196,False,4.174951845658381,False,8.032687530933345,True,3.6650293085338976,True,5.8462521042790785,True
194,1755117,877.5585,stroke,11,1.5882926568599856,False,4.257039715849761,False,2.871880901080738,False,1.952397414749092,True,4.8365415950241655,True,5.7518656153558645,True
195,1766037,883.0185,stroke,11,2.2835189391024264,False,5.12326200979847,False,7.266976501475808,False,2.2584164786697594,True,4.836784511729389,True,10.595417920719106,True
196,1768854,884.427,stroke,11,3.316405753771576,False,2.5163080653268546,False,2.3316966988625225,False,6.989623911138208,True,3.8554017808038075,True,6.8444905112335235,True
197,1775137,887.5685,stroke,11,3.346671765620047,False,3.2133654502572577,False,4.409448116633264,False,3.691061139133488,True,2.3327326550736758,True,3.623095531633086,True
198,1788786,894.393,stroke,11,2.2340059862543904,False,2.6724269476438804,False,4.863816439918039,False,6.242318275659361,True,2.1532168417978648,True,12.735066458020613,True
199,1794828,897.414,stroke,11,1.5933238395257139,False,1.7690431767330919,False,5.486230228553538,False,2.1332697954650577,True,3.091672881149117,True,4.674414468147641,True
200,1803155,901.5775,stroke,11,2.6442112808893588,False,3.3763702437572407,False,2.5305477304201993,False,1.8316792799346358,True,6.067472012847751,True,7.098161862253752,True
201,1805282,902.641,stroke,11,2.39713349585068,False,5.033424404904112,False,3.8681658234607204,False,3.3191684345389425,True,3.475003548216964,True,4.716818168880243,True
202,1809701,904.8505,stroke,11,1.447348303282894,False,2.318121017068867,False,4.643693648156789,False,2.518061981030938,True,3.937371878430224,True,6.183258825322367,True
203,1813510,906.755,stroke,11,2.7766308710619283,False,2.9436054482728444,False,4.133804234744752,False,1.894719849938423,True,2.2101419779608302,True,4.269956507353588,True
204,1820249,910.1245,stroke,11,1.5918094880745763,False,1.8199585505068157,False,2.9943594400419986,False,2.1121876702209246,True,3.0667254137014366,True,5.110396508268199,True
205,1847928,923.964,stroke,11,1.7993604007976751,False,6.439803847511775,False,5.509627859291372,False,2.8246914440114685,True,4.21681153566087,True,6.068191915952464,True
206,1852211,926.1055,stroke,11,59.06724756799924,False,50.21565714218767,False,36.900263433457646,False,53.124015271541836,True,22.517493833368796,True,91.24550018901881,True
207,1861699,930.8495,stroke,11,1.5348966355846045,False,2.5769212325513697,False,3.0092562998192802,False,3.374512210865951,True,2.9609171562028966,True,6.42635865232651,True
208,1863741,931.8705,stroke,11,25.04828634119729,False,24.10008602349903,False,16.35325098392098,False,14.815762162334813,True,9.076416935751668,True,24.867123071878257,True
209,1867610,933.805,stroke,11,26.30185423391623,False,23.10893403366142,False,17.914623786266866,False,16.830237966312165,True,5.5887420971040935,True,26.009845105208523,True
210,1884823,942.4115,stroke,11,6.043506660944269,False,3.735522364761923,False,3.5431930281145303,False,1.7052393701254787,True,4.465871527663142,True,8.08732104154754,True
211,1895603,947.8015,stroke,11,3.4345547953825455,False,5.030792666513414,False,12.019788100014946,False,3.4367499526778107,True,3.5910967417395865,True,6.048540935784867,True
212,1904123,952.0615,stroke,11,2.737651049662821,False,6.151549517412604,False,3.537367630984949,False,2.5755530860751614,True,2.9077562287822527,True,3.5027954375297146,True
213,1906520,953.26,stroke,11,1.845695652738995,False,2.2952853220105105,False,3.135183602633666,False,2.4394571215257344,True,2.6819109129105847,True,8.00602816159423,True
214,1939176,969.588,stroke,11,2.030516494499878,False,5.280193052434205,False,6.342144244463354,False,3.1052467127772103,True,3.293878680398543,True,8.156678938248628,True
215,1942963,971.4815,stroke,11,2.312039514923021,False,2.871287006020598,False,3.3567478987959136,False,2.01769597043016,True,6.177562280746104,True,14.562872840054986,True
216,2037624,1018.812,stroke,11,2.230406264930414,False,9.131919906917958,False,1.8621391044440445,False,4.063753461981717,True,3.335237261555249,True,11.848104703003218,True
217,2068507,1034.2535,stroke,11,1.4252590257456736,False,3.727136542298755,False,4.65927303317142,False,0.7466284760625654,True,6.038485923342531,True,15.578565319957463,True
218,2072111,1036.0555,stroke,11,3.0748251668230178,False,3.262104520759224,False,3.4531187330108453,False,1.7445419823864077,True,6.745953113699844,True,12.345339550062182,True
219,2077390,1038.695,stroke,11,2.130442988525798,False,3.7167194854367787,False,3.792767052432621,False,3.3041441462269514,True,4.720864639792232,True,5.746914848713642,True
220,2090979,1045.4895,stroke,11,1.824400900950646,False,3.2700647689174613,False,4.182149969536798,False,2.0783350090131982,True,3.9742503484123626,True,9.21747099958053,True
221,2096412,1048.206,stroke,11,3.2248126522896463,False,4.836808598878731,False,2.9233133339398427,False,2.2818632098438676,True,5.724457258374059,True,6.787146113432868,True
222,2140773,1070.3865,stroke,11,1.9642858711165272,False,3.5029037244261954,False,6.760457008301713,False,6.893474440440743,True,3.6437978018738937,True,12.584606867514637,True
223,2154836,1077.418,stroke,11,2.0002040505270196,False,3.3265096019154177,False,5.714235499545097,False,1.9055475231764922,True,2.411497406396483,True,4.297026826551776,True
224,2170139,1085.0695,stroke,11,23.774085883592047,False,36.31523647715588,False,15.185382669801658,False,38.97040165533579,True,13.574771235204906,True,23.438984482685104,True
225,2172788,1086.394,stroke,11,25.00300521593656,False,42.64302575830656,False,13.644833453502443,False,35.95962945613217,True,15.628216524386058,True,21.388338559939534,True
226,2186489,1093.2445,stroke,11,1.4442281351478647,False,3.655948002291419,False,2.800741132096304,False,3.5117746627630178,True,3.8427152151084085,True,16.633531014554716,True
227,2190239,1095.1195,stroke,11,2.0622231554908246,False,6.709329093789652,False,2.8578008041902376,False,3.7518770581008276,True,3.380604743301099,True,7.019746297579767,True
228,2198251,1099.1255,stroke,11,1.7770451368317444,False,4.484396206374012,False,3.6998727596571994,False,2.812348128347169,True,3.9761529974251997,True,13.564325140881039,True
229,2202500,1101.25,stroke,11,2.347892493239783,False,2.831698745492381,False,5.621739036140674,False,1.5006796326221812,True,3.337156447853335,True,8.54056210042318,True
230,2210073,1105.0365,stroke,11,1.57201395927477,False,3.6381479117647917,False,4.647185825907254,False,1.9524079056089383,True,2.521399894859546,True,9.91577931023701,True
231,2216638,1108.319,stroke,11,1.9815215092727678,False,5.313396739185419,False,3.5830239272093154,False,1.5509341865768058,True,4.998026216139714,True,11.324875066663072,True
232,2222935,1111.4675,stroke,11,2.5432820504047147,False,2.735650995347598,False,2.7898175163465018,False,7.513836947727521,True,4.189307784123537,True,6.880908689407276,True
233,2263534,1131.767,stroke,11,4.073193339511359,False,3.68746724552296,False,4.636463598873507,False,1.7113385600709468,True,3.072563611082364,True,9.72233072341193,True
234,2279322,1139.661,stroke,11,38.6867054657079,False,72.55943015151635,False,36.389684724038794,False,56.955911446956165,True,22.69764216138436,True,44.286437079631995,True
235,2282894,1141.447,stroke,11,5.4032863039715275,False,5.521609516604077,False,2.8980516416256568,False,2.7288302460125253,True,4.258831254275983,True,8.14900691370254,True
236,2288609,1144.3045,stroke,11,7.482957564223911,False,6.230500131784336,False,6.767066125649263,False,8.93221934576606,True,6.104445189250841,True,7.76938698416947,True
237,2292947,1146.4735,stroke,11,5.057821862418528,False,13.450111956062372,False,5.92060649830568,False,1.4336242500314773,True,3.3530756507719732,True,5.569924032603474,True
238,2299495,1149.7475,stroke,11,2.0344557891752366,False,3.564053309006325,False,3.481463282704975,False,1.3965068760402115,True,2.510463483506056,True,10.383950610677784,True
239,2307869,1153.9345,stroke,11,3.104281216272857,False,4.720144141131625,False,5.724832232982948,False,2.212714192619556,True,2.909397780926251,True,10.158031207926147,True
240,2353456,1176.728,stroke,11,1.7062521632654901,False,4.332740127368031,False,5.270194298233431,False,1.6410784219910168,True,4.112310053667631,True,8.072524968709649,True
241,2367204,1183.602,stroke,11,1.4130478670319293,False,3.13757813342273,False,3.8762093891543046,False,1.9600476256282735,True,3.7907744290666945,True,5.219969268012285,True
242,2377533,1188.7665,stroke,11,26.948814535563596,False,49.83900994101329,False,15.478403076263362,False,42.83548003960864,True,14.687935033621708,True,25.1424104672637,True
243,2381429,1190.7145,stroke,11,29.31988862374709,False,48.06853580996606,False,30.00439808464946,False,47.509322475109215,True,14.886546253375492,True,21.176792426048966,True
244,2385629,1192.8145,stroke,11,2.976806769994658,False,4.759266607765964,False,7.922145746925311,False,6.605735408646401,True,5.102955751374147,True,8.799433484597465,True
245,2391472,1195.736,stroke,11,23.673397400500022,False,42.745683176068354,False,23.28989735459197,False,42.093937295832006,True,15.446633647146664,True,23.067493759572066,True
246,2397263,1198.6315,stroke,11,26.902008765149354,False,46.22627206867613,False,17.03702953793077,False,39.92152123512785,True,11.751481526015759,True,23.770899047530072,True
247,2400553,1200.2765,stroke,11,1.6566088363369738,False,7.406620930466763,False,3.5527417207470395,False,1.877658661776586,True,2.217139062912092,True,6.227638496805195,True
248,2403689,1201.8445,stroke,11,24.35010635448618,False,47.666934836993796,False,20.068971293431826,False,38.191974132758844,True,15.961984902453107,True,25.321935458790037,True
249,2408399,1204.1995,stroke,11,2.5838825307801803,False,5.785770702127836,False,6.4265199877445625,False,2.3618497582526685,True,5.68177884640745,True,6.962160146528021,True
250,2416399,1208.1995,stroke,11,1.4714238804487563,False,3.6517306678307735,False,5.660331616682036,False,4.46089456873023,True,4.843284883841013,True,8.46506229877142,True
251,2418516,1209.258,stroke,11,1.6697914704492787,False,1.9006848731463222,False,3.633741160123826,False,2.534608683915069,True,6.898747748627474,True,13.33011478522646,True
252,2423775,1211.8875,stroke,11,1.9854376354353216,False,7.052074247208887,False,3.7304875930640957,False,1.5937880514342988,True,4.368658888458956,True,7.2765721591522246,True
253,2430285,1215.1425,stroke,11,1.8047248304239516,False,3.7662943524019736,False,4.392184088215626,False,15.231162525299656,True,3.7820510795292748,True,2.232500586364896,True
254,2434517,1217.2585,stroke,11,1.8200460491086168,False,3.222655125052257,False,1.4514703329513912,False,2.3390563544430383,True,5.269418630223794,True,6.103559421867824,True
255,2449232,1224.616,stroke,11,1.820281786100053,False,3.7776588642198714,False,4.128206403834229,False,1.9920884580339062,True,3.3255123667805844,True,8.999902166783052,True
256,2453753,1226.8765,stroke,11,1.4512068468947357,False,2.9338238577082927,False,3.7439851723130677,False,1.7172363904035475,True,5.004926929689528,True,4.521823567473802,True
257,2467113,1233.5565,stroke,11,4.4121237553103265,False,4.031327196841755,False,4.886347969149336,False,6.296831672552284,True,1.8677892797536302,True,37.26149198453836,True
258,2475612,1237.806,stroke,11,2.8258283464974303,False,3.3282014531817117,False,1.8562218413513012,False,9.82050590504204,True,2.4567674334627414,True,9.201366090129696,True
259,2478235,1239.1175,stroke,11,1.7055299900547152,False,9.069531418176533,False,3.845314178201596,False,1.9786514540180264,True,4.899162135520625,True,9.865244643978276,True
260,2482636,1241.318,stroke,11,1.8530231019997387,False,2.5291188322218496,False,3.8447197951584293,False,2.754404828502871,True,2.172856998397261,True,5.511263550766862,True
261,2486582,1243.291,stroke,11,2.2345938417200517,False,2.6527285101364426,False,5.481382586968563,False,1.6973324958811442,True,3.914783368848204,True,4.746267035763752,True
262,2491721,1245.8605,stroke,11,3.1757324125193342,False,2.142711765338319,False,3.9361704746813526,False,1.1021866069311632,True,2.294997419637275,True,3.7365070861096585,True
263,2494140,1247.07,stroke,11,3.5430329155909948,False,3.159828353738528,False,4.422035628613253,False,6.491928763804414,True,3.843035108584588,True,5.926383512748784,True
264,2502182,1251.091,stroke,11,1.5654592358667379,False,2.8158133901104465,False,4.135738901922577,False,1.2722455602590097,True,5.265443408318465,True,3.644521162867588,True
265,2508916,1254.458,stroke,11,1.6793927793668293,False,4.220390272506059,False,3.432227975620205,False,3.091442795772271,True,4.068881264171885,True,6.145826712634332,True
266,2515190,1257.595,stroke,11,2.487672747067921,False,4.773189859084572,False,3.3737333499967233,False,2.067960564360635,True,3.3956292915417046,True,5.883687766536833,True
267,2520184,1260.092,stroke,11,2.7343364139342685,False,3.6147615509078,False,6.4455151703699185,False,2.478444919151851,True,4.654903902457654,True,6.144303333999493,True
268,2525560,1262.78,stroke,11,1.4064707985449805,False,3.3205274839273358,False,5.22511644472489,False,1.9250500797415095,True,3.7101062397863527,True,8.60410843614536,True
269,2529718,1264.859,stroke,11,1.6769466639632569,False,3.3503900469719508,False,3.1152184603052158,False,7.300216637779492,True,4.546416938016968,True,8.247507600777183,True
270,2534146,1267.073,stroke,11,2.493530496172139,False,2.6940474621386707,False,2.5151336467619356,False,2.1786677477933876,True,5.617014035474288,True,8.160641692901478,True
271,2538406,1269.203,stroke,11,1.5857493391802462,False,3.1170530065010125,False,4.370599217949373,False,2.435400364925145,True,3.8074183687270664,True,7.320727250889567,True
272,2543042,1271.521,stroke,11,2.2726556557642312,False,6.703962438176228,False,6.11626942432987,False,4.619687286938329,True,7.782659261075112,True,5.832148072947187,True
273,2551372,1275.686,stroke,11,1.2096987964618313,False,3.9797335202781623,False,3.120218211350895,False,2.217222743692962,True,3.9055289908633566,True,7.007690960665466,True
274,2554614,1277.307,stroke,11,1.7857952375216792,False,4.738309784418488,False,6.4587358994636155,False,1.336186197814668,True,3.6543448093865702,True,5.02458530267084,True
275,2559193,1279.5965,stroke,11,1.7069770368672104,False,6.78183338371974,False,3.549064272869923,False,1.3355527013977984,True,3.533369696267461,True,6.6890727144986375,True
276,2562763,1281.3815,stroke,11,2.528825361668231,False,3.1313820694396908,False,4.370061400050783,False,2.0168194138726334,True,3.0427785655392485,True,5.361254500397604,True
277,2569427,1284.7135,stroke,11,3.215751049124192,False,5.099127262244208,False,4.226269349369701,False,2.6291399461029634,True,4.858081587171355,True,5.907390542076597,True
278,2575346,1287.673,stroke,11,2.469450257509881,False,5.045139171718566,False,3.7439127320616237,False,1.2792157576378003,True,2.753930818569383,True,9.734113280712206,True
279,2588428,1294.214,stroke,11,4.67568264998659,False,7.115646141223085,False,2.969321249273949,False,2.1945290165394877,True,4.94152611705938,True,9.056166586926038,True
280,2592929,1296.4645,stroke,11,0.9277264381824681,False,2.5174325608002337,False,7.313918333450991,False,2.457203973266564,True,5.825710897161344,True,12.301207467441703,True
281,2624253,1312.1265,stroke,11,22.188968667904096,False,16.47483497209907,False,12.423160523063803,False,15.613080109669173,True,7.764225819913522,True,31.85332916231177,True
282,2626876,1313.438,stroke,11,7.189331288542908,False,5.017875371687156,False,5.998591043470023,False,3.044941685762643,True,3.3770328923638626,True,6.19631251215924,True
283,2629529,1314.7645,stroke,11,2.8434283381154217,False,2.6751571833464176,False,4.3459294243437885,False,2.139440001638095,True,3.724104347492709,True,7.778524703689149,True
284,2633820,1316.91,stroke,11,30.25500238240695,False,26.565252813746408,False,11.20773571601399,False,22.57591701991401,True,6.781142943730939,True,26.899298922197577,True
285,2637874,1318.937,stroke,11,25.089303055208962,False,19.906528285344063,False,13.142487881744362,False,17.726376714483145,True,6.219232724247675,True,33.215230204381925,True
286,2642612,1321.306,stroke,11,73.63267843817653,False,51.478077937230594,False,43.45325864638727,False,43.04762397036267,True,21.535569353195136,True,98.77499173771645,True
287,2645499,1322.7495,stroke,11,5.757305261927943,False,4.423025143748796,False,3.3966176477983745,False,1.881360216375786,True,2.5363033756788793,True,6.399027854053729,True
288,2650345,1325.1725,stroke,11,5.706889067212484,False,6.388426763209183,False,4.651305748379732,False,2.5918791226761764,True,3.4071474787898337,True,3.655618750651774,True
289,2655993,1327.9965,stroke,11,6.245436786576979,False,5.815750111485942,False,5.34475301946317,False,4.047307141276105,True,4.185079984605879,True,9.91346815296209,True
290,2661940,1330.97,stroke,11,5.281905582574279,False,4.103856948442857,False,3.4175657212286774,False,3.16875288024417,True,2.9404362216275084,True,3.891351014348414,True
291,2664725,1332.3625,stroke,11,2.642716628566614,False,3.036155267855444,False,8.451672428584125,False,3.00066499760963,True,5.535630057960477,True,15.68212185242088,True
292,2668990,1334.495,stroke,11,6.027185416206564,False,5.226552296673688,False,3.012432401993316,False,1.7616109888261022,True,2.640421948104818,True,4.494544504766219,True
293,2672412,1336.206,stroke,11,6.47037556475502,False,7.525630384192517,False,4.370545808549575,False,3.8471010109270973,True,3.508934543971642,True,9.284934629735822,True
294,2677588,1338.794,stroke,11,2.1750020217173742,False,5.568710813605472,False,2.9984444301874302,False,1.6369525600051311,True,3.931445177774116,True,6.554425604177215,True
295,2682691,1341.3455,stroke,11,3.930250012737626,False,4.495643930623464,False,2.348436187327002,False,2.3512857018821274,True,3.076861138709247,True,4.660981374561525,True
296,2688576,1344.288,stroke,11,5.426719923466907,False,4.178348505006738,False,3.0602380617862113,False,2.7420831264715653,True,3.5455673968821864,True,8.151483957402721,True
297,2710712,1355.356,stroke,11,40.076046813881504,False,2.727523934653073,False,2.8121755819865384,False,1.2678232406406347,True,5.638825824861129,True,12.91850388741683,True
298,2752332,1376.166,stroke,11,1.8499307213450373,False,4.862910968755868,False,2.7175336326773882,False,2.0295122997362505,True,5.658612852527742,True,11.38622935556986,True
299,2763428,1381.714,stroke,11,1.9510658360700588,False,2.6731263674291683,False,2.4520883808480844,False,1.966433023026057,True,3.199585369731306,True,6.669514022161215,True
300,2780118,1390.059,stroke,11,2.5355624278263753,False,4.009537223103194,False,2.392462945319709,False,7.172058851431958,True,5.0164498798250925,True,16.232361339662813,True
301,2793526,1396.763,stroke,11,1.7817971513004984,False,4.84876899307727,False,5.612319391522275,False,2.3612106235452326,True,3.7840544872365816,True,7.401148597558176,True
302,2797068,1398.534,stroke,11,1.5510397795741557,False,1.9519327040514458,False,2.6066820273359284,False,1.4524471350682469,True,6.474487597260089,True,7.2464447572867,True
303,2801823,1400.9115,stroke,11,1.9368347419637035,False,18.93659894388032,False,82.7636438105075,False,3.3670995433698945,True,7.034815723827816,True,10.936157212036912,True
304,2805954,1402.977,stroke,11,1.4476574197510665,False,5.667110068677989,False,5.765249465178463,False,2.4887725859035283,True,3.902725706363445,True,5.113048006582883,True
305,2812029,1406.0145,stroke,11,2.287489760568263,False,2.751196791883686,False,3.5107154873117854,False,2.7773947516424395,True,5.3294132849802995,True,6.924262948995962,True
306,2816353,1408.1765,stroke,11,1.1298644500404713,False,2.7421699526749292,False,2.186585904201147,False,1.2045767239633343,True,3.433196875363415,True,8.639646288267588,True
307,2819315,1409.6575,stroke,11,33.705271320422966,False,28.8948566105348,False,19.283656471609603,False,31.568544736388215,True,11.573184357083042,True,13.479877513638257,True
308,2821590,1410.795,stroke,11,1.5143223325826876,False,3.478038717507867,False,4.43054492904032,False,2.1853114124291118,True,4.369986433490919,True,9.725625102843496,True
309,2825637,1412.8185,stroke,11,1.525639499924341,False,4.094878591430482,False,1.979134996627409,False,2.2196380558082502,True,3.064230476826694,True,5.9970930519818,True
310,2829860,1414.93,stroke,11,1.4644097744050795,False,3.43481028673447,False,3.3961927908116114,False,3.603124054116307,True,4.450817671196458,True,4.784234770211638,True
311,2833069,1416.5345,stroke,11,2.3467625805925407,False,2.1658873659494673,False,3.0318894968951113,False,1.4465594615324346,True,6.0477036623822436,True,12.828035888272652,True
312,2840789,1420.3945,stroke,11,1.7643829716730282,False,2.3608329221885214,False,3.579138582535043,False,2.5488548059222578,True,3.6596250935942116,True,9.484104835927724,True
313,2848379,1424.1895,stroke,11,1.242183335924116,False,4.0355983712266195,False,2.369788350294503,False,7.1505854188418665,True,3.8219243529831477,True,8.468637304011947,True
314,2851676,1425.838,stroke,11,22.491711581499626,False,29.00506437973925,False,14.04441762153782,False,24.557719740257028,True,10.308679936991986,True,22.266464423064775,True
315,2855948,1427.974,stroke,11,2.7699438961449454,False,3.197337976264981,False,2.1416187445131003,False,1.6339825224059563,True,3.949412700124978,True,11.243472917621753,True
316,2868588,1434.294,stroke,11,24.58686137080525,False,23.44507632916824,False,11.466618472007553,False,25.373012302822378,True,12.926938328065404,True,16.141282313439646,True
317,2895354,1447.677,stroke,11,1.3663235583228397,False,2.3526327327437446,False,3.4518318727741235,False,1.7562535423026921,True,2.673116163034619,True,7.939443232101404,True
318,2905735,1452.8675,stroke,11,1.9904494529326922,False,5.202887587393724,False,4.599068198353139,False,1.7848261696043037,True,3.478629663916315,True,11.019117411378812,True
319,2911132,1455.566,stroke,11,1.540620907113588,False,4.1329257530325565,False,2.8527237149151556,False,2.0797137626595585,True,3.780589399357043,True,14.906352407105725,True
320,2937453,1468.7265,stroke,11,1.3237202634248795,False,3.6107606146334352,False,2.9228138499561083,False,1.517278201886641,True,4.886909915894143,True,14.662824119578634,True
321,2942584,1471.292,stroke,11,1.7049020116092022,False,2.8787506718496454,False,5.525698586151883,False,3.7254696679594943,True,2.3613200419413682,True,6.576528795077526,True
322,2948252,1474.126,stroke,11,29.92938205414346,False,28.90210935651264,False,15.87089193177314,False,24.716809951114925,True,10.975783185378932,True,14.35025540493363,True
323,2950285,1475.1425,stroke,11,1.431150040956783,False,4.872351093893986,False,3.5063572697496914,False,2.3923366516038023,True,4.336817198885807,True,8.393581245383398,True
324,2954966,1477.483,stroke,11,1.0330730245192552,False,3.249155722485372,False,3.3955144695358,False,1.8198692557859615,True,1.8914057235516852,True,5.723092827308387,True
325,2961735,1480.8675,stroke,11,2.271228560736393,False,3.624910236760117,False,2.9772103812017985,False,3.49947192095554,True,4.710455943881824,True,12.166267996827612,True
326,2964948,1482.474,stroke,11,2.195715757847445,False,1.6396457123715096,False,3.4138341564587544,False,1.3185759223431084,True,5.342528796702934,True,5.647173532741334,True
327,2971506,1485.753,stroke,11,1.864978790133168,False,3.219653469665542,False,5.039562630866175,False,1.4897748412972895,True,4.8319309031527355,True,7.968734608412902,True
328,2976397,1488.1985,stroke,11,1.4554259182828189,False,4.792238142502346,False,2.4667340883720636,False,2.727889386297609,True,4.773943660184623,True,13.778654097389182,True
329,2981482,1490.741,stroke,11,2.4317837249025196,False,3.3921226714409345,False,3.475963763893759,False,2.2641369436179986,True,4.552638273746276,True,18.04771429377771,True
330,2999878,1499.939,stroke,11,2.106729784515406,False,4.045523952330822,False,2.713112162398402,False,3.6208457521202555,True,3.726242622835683,True,6.865986629108842,True
331,3005147,1502.5735,stroke,11,1.6886832079372458,False,6.122275518036829,False,3.1645345003135317,False,1.202780697787564,True,4.6935688847442165,True,5.950420355189444,True
332,3021097,1510.5485,stroke,11,33.50221693670458,False,26.406311962885695,False,18.414525667841477,False,31.35316180204478,True,14.916551933450101,True,21.221453211340396,True
333,3027022,1513.511,stroke,11,1.657128702472915,False,5.409816066544856,False,3.4528379156162505,False,4.970187816597008,True,3.4240035181462525,True,16.51050983436438,True
334,3036102,1518.051,stroke,11,1.7061100573975911,False,5.801913201065338,False,3.019138163140493,False,1.5809941295109062,True,5.874392132016046,True,12.901900303596808,True
335,3042007,1521.0035,stroke,11,2.6490857622645567,False,3.4904915449610256,False,4.670193228320144,False,1.561650215444509,True,4.568411946774897,True,13.635408433943077,True
336,3056256,1528.128,stroke,11,1.954506559618157,False,5.526027688219911,False,4.258698113837702,False,1.9147263914860493,True,3.044502981790683,True,10.402686410239301,True
337,3068334,1534.167,stroke,11,0.988428476769477,False,3.1825568525002783,False,2.0464830925695296,False,2.0884516736900838,True,4.698835142648015,True,8.968436708759493,True
338,3082982,1541.491,stroke,11,1.8857573646245762,False,3.3593828875342453,False,2.3712483701593112,False,2.101640084560623,True,2.4159720799403672,True,7.957266186050447,True
339,3102528,1551.264,stroke,11,1.92921106943235,False,3.626019902836891,False,2.7359426770106765,False,2.1987283378677462,True,5.534654326601333,True,8.468416488794684,True
340,3107417,1553.7085,stroke,11,2.0987762677369517,False,3.8722486378689274,False,4.340128392912559,False,3.825500437164597,True,2.745121301395297,True,5.225182269770915,True
341,3113517,1556.7585,stroke,11,1.1596193330550049,False,8.201916789191701,False,2.0109914716763324,False,6.10662654205185,True,4.149887220797197,True,12.468383059698551,True
342,3121915,1560.9575,stroke,11,1.8053732097201047,False,4.34572603412661,False,5.8441043771110515,False,1.8829450661743885,True,6.44111468754659,True,10.613055428481937,True
343,3126711,1563.3555,stroke,11,1.5040995247886588,False,3.5058316337300597,False,3.2122487398700215,False,1.8400655846942746,True,4.003737632279636,True,10.915363534659168,True
344,3155822,1577.911,stroke,11,1.1635837885944311,False,4.099994577037001,False,5.696054315395719,False,2.6388580231233587,True,4.846136077310512,True,6.047656846397153,True
345,3160054,1580.027,stroke,11,1.5752901400759263,False,5.524971537730551,False,2.1220340814140517,False,1.409885781892925,True,5.532033329110677,True,17.304622713324875,True
346,3165362,1582.681,stroke,11,1.274017988030364,False,3.7041460873853014,False,2.314902458204692,False,2.599275177585612,True,5.1262084225191495,True,7.689265083468266,True
347,3235024,1617.512,stroke,11,1.509311510603877,False,3.8814374604478585,False,2.827137005305472,False,2.724761023450921,True,3.811406284076706,True,10.572769369021618,True
348,3250105,1625.0525,stroke,11,2.0221357217066016,False,4.323586375842391,False,2.8979344923808887,False,2.958126568361405,True,4.66987008025977,True,5.9300827631366975,True
349,3271283,1635.6415,stroke,11,1.808382325697035,False,4.24823292381432,False,2.729051157852701,False,1.7515959396553908,True,4.801683346842879,True,19.800964860745864,True
350,3285006,1642.503,stroke,11,2.2706432633574303,False,2.871433800983241,False,1.7051412605752352,False,1.267847461219814,True,2.202724850527332,True,5.1942269982804365,True
351,3294320,1647.16,stroke,11,1.8676388899769325,False,3.689535198142752,False,102.08134236560888,False,2.2582713783798023,True,4.048594434842543,True,7.83046630193875,True
352,3303430,1651.715,stroke,11,1.3471616553779193,False,2.944538319086284,False,108.11965048159267,False,1.5101015374030609,True,5.722220264484383,True,9.168596384472568,True
353,3323232,1661.616,stroke,11,1.5795374552408896,False,5.174058259184925,False,4.279643758543678,False,1.7906042566096851,True,3.849671584603387,True,11.629344961644929,True
354,3329168,1664.584,stroke,11,3.7713726662267444,False,23.39878341582373,False,59.61866050115206,False,3.701816199920599,True,15.329044025799325,True,19.290675549702996,True
355,3331824,1665.912,stroke,11,1.1651003521750374,False,4.5357028697220425,False,3.1443967208069132,False,1.477460843803944,True,3.1527132393291577,True,17.99264312224611,True
356,3335998,1667.999,stroke,11,1.1877180811446437,False,3.539187769085343,False,2.369868358093985,False,1.8109034908828896,True,3.13694984445491,True,9.581839506563778,True
357,3339781,1669.8905,stroke,11,3.968969974061448,False,2.612277683778199,False,5.26358186645007,False,3.2632378938390154,True,6.749959957719659,True,12.838506398579845,True
358,3343804,1671.902,stroke,11,2.025088514621126,False,13.959161569005259,False,115.07745853308657,False,2.4035036694543925,True,4.063356221819551,True,8.008676602890834,True
359,3356689,1678.3445,stroke,11,1.984445781317354,False,4.912690672534271,False,2.1620466058211667,False,1.8546055341798624,True,3.0691252317100117,True,2.360118530311517,True
360,3361014,1680.507,stroke,11,1.3174451380856225,False,4.156057861075315,False,6.286756139077261,False,2.753618288516252,True,4.031600046327271,True,11.222664204866518,True
361,3364584,1682.292,stroke,11,1.8055411578740463,False,4.039672987967139,False,2.3383083355870458,False,2.581209922963995,True,2.5923004009102684,True,8.766975456477969,True
362,3370134,1685.067,stroke,11,2.111384167988209,False,3.926181648404696,False,3.015460794180545,False,1.959644313873682,True,7.443638342245019,True,8.067934777443469,True
363,3382031,1691.0155,stroke,11,1.0950331540674287,False,4.262998826825369,False,3.3150808605624746,False,2.236403669307169,True,5.895727132756722,True,5.958885547210111,True
364,3384572,1692.286,stroke,11,26.70997086626382,False,15.941019933921325,False,10.297130275147586,False,10.87419805523906,True,6.938887483112017,True,16.904482071356213,True
365,3390117,1695.0585,stroke,11,1.6592461208287415,False,9.216066308245573,False,2.661117625731211,False,7.527731417916845,True,3.099339248204616,True,8.381419680462301,True
366,3398020,1699.01,stroke,11,2.1167957154247046,False,5.285345264574911,False,2.9549636365056555,False,2.6215423247201217,True,4.435396710206529,True,4.174171708581453,True
367,3401470,1700.735,stroke,11,2.06433404931471,False,4.486744529064881,False,2.9571590247721247,False,6.156977399041887,True,3.9472298312534972,True,8.826768197242654,True
368,3406650,1703.325,stroke,11,1.8992128028349249,False,3.6360038265029795,False,16.25144603226456,False,1.939207317085665,True,4.585154428102011,True,8.275228237040714,True
369,3413212,1706.606,stroke,11,26.127656302064906,False,15.693990925571134,False,10.900172848062656,False,13.139791092400518,True,7.967604490145447,True,18.922563883497347,True
370,3421461,1710.7305,stroke,11,1.4085792666127677,False,2.397137098061907,False,5.620019340017373,False,1.3857651334793055,True,1.9074821880690052,True,5.950150857415588,True
371,3425612,1712.806,stroke,11,27.756220559966373,False,16.306709821270175,False,9.21563424440769,False,14.345644436895501,True,7.757194267599518,True,27.9358282502589,True
372,3439466,1719.733,stroke,11,2.803688966384631,False,3.7533190692791694,False,3.4927914683013155,False,2.7792704177418948,True,6.311093078534683,True,7.848097147130484,True
373,3446783,1723.3915,stroke,11,2.6234323405715503,False,5.805948652131697,False,2.866694662365155,False,2.8896754634216033,True,5.6070458422601135,True,7.338209757177184,True
374,3453438,1726.719,stroke,11,1.4493201897863397,False,4.31684202619223,False,3.016801683018236,False,2.6326592681697067,True,5.295532509432656,True,9.127003745273312,True
375,3461830,1730.915,stroke,11,1.7721475948719756,False,5.181783761593896,False,3.6157239430494386,False,2.633708328376288,True,6.278899046842066,True,11.868908019014562,True
376,3464983,1732.4915,stroke,11,2.5638952329337568,False,3.709843475675479,False,3.7005248164018134,False,2.429490140930893,True,4.007948253953531,True,8.372626840964351,True
377,3471323,1735.6615,stroke,11,1.6428006391911374,False,3.849298601162431,False,2.337536907517011,False,2.3621668729606093,True,5.19332753754638,True,7.266770541349815,True
378,3480228,1740.114,stroke,11,1.81851625456636,False,4.591145449623997,False,2.8661989882189083,False,1.8204930319264747,True,3.695395649611218,True,5.510794966715569,True
379,3491478,1745.739,stroke,11,1.670837033216404,False,3.2334699173818384,False,1.8604981125305144,False,1.4125143067860533,True,3.4608893158532417,True,9.48516425423115,True
380,3503917,1751.9585,stroke,11,1.8461867873598083,False,4.751492079873774,False,2.142914485089941,False,2.7869022546446893,True,6.28683413105127,True,11.500329138745105,True
381,3510488,1755.244,stroke,11,31.405473429888556,False,21.169329045564204,False,10.004348001210904,False,22.673648598846654,True,11.569095267885444,True,25.38051752333857,True
382,3520312,1760.156,stroke,11,33.14282352703105,False,24.882080667222095,False,10.645202075480935,False,20.033902520756538,True,11.001141844011345,True,25.70286157229799,True
383,3531526,1765.763,stroke,11,1.6368735282587283,False,2.4948950699180052,False,2.7489776170998343,False,3.160160842307016,True,4.394932069126266,True,5.141306869755131,True
384,3536221,1768.1105,stroke,11,30.938512782487095,False,20.88467061918196,False,11.575745013064191,False,17.965524986553913,True,8.538951709817056,True,21.712876038097765,True
385,3539828,1769.914,stroke,11,27.82094306340491,False,21.628409419166328,False,13.336522822510156,False,24.09684853061222,True,11.749911483665006,True,21.846595161950038,True
386,3552514,1776.257,stroke,11,2.15312959063324,False,3.168951655165501,False,1.783638856925655,False,1.8473036018003859,True,4.793213934614347,True,10.110301512812766,True
387,3556449,1778.2245,stroke,11,1.6177812275810246,False,2.887416327623522,False,1.9982774445751488,False,1.5391977072043366,True,3.3698893693405223,True,3.5921372069013473,True
388,3561526,1780.763,stroke,11,1.5459771086104954,False,5.4166751535928945,False,6.3486981060066086,False,2.3784013038383116,True,3.1476205063854907,True,6.507832642587774,True
389,3580181,1790.0905,stroke,11,1.2898462558572752,False,4.171120573376218,False,4.332366103681409,False,1.8745345311087076,True,4.312914887672793,True,8.578472079162253,True
390,3602016,1801.008,stroke,11,1.4972952954767023,False,3.2838275407014446,False,2.840828327530268,False,3.682829463390269,True,3.666951421459344,True,11.167897892100179,True
391,3606943,1803.4715,stroke,11,1.4668283509546578,False,2.377134240457947,False,7.3898654096398495,False,6.898175635768002,True,4.25140618203253,True,5.919875000206872,True
392,3612359,1806.1795,stroke,11,1.568745133630268,False,2.7311525351494934,False,1.759982965763651,False,8.090572209698124,True,2.5349897098308305,True,8.908030414193739,True
393,3615813,1807.9065,stroke,11,1.6823986896096494,False,3.2692745307308186,False,4.158834200747275,False,1.9893117362471067,True,4.693372236134355,True,4.11418297577622,True
394,3623222,1811.611,stroke,11,0.9767323969428665,False,4.863196842647684,False,3.5287556884732503,False,1.6034473418563215,True,4.164290830052968,True,7.665187443001348,True
395,3639565,1819.7825,stroke,11,1.3749587338125864,False,2.6209072871991834,False,4.255486769647682,False,1.5754807950095138,True,3.402001477505012,True,9.377887606057344,True
396,3655401,1827.7005,stroke,11,1.4390812656179208,False,2.036707649472166,False,2.7600739878918397,False,2.6120728143769427,True,2.931897668285237,True,6.707167976971693,True
397,3663187,1831.5935,stroke,11,1.7716950158174771,False,2.6386855522867982,False,3.5385001983871076,False,2.093239555908185,True,3.9412141595901673,True,14.56402831122482,True
398,3667038,1833.519,stroke,11,1.5477784829867465,False,2.1163226855776576,False,2.600377655342443,False,3.5550769713707115,True,2.6800025545533694,True,7.582347113451305,True
399,3673955,1836.9775,stroke,11,32.92863969244408,False,23.761346035937883,False,8.563702318304507,False,21.669286713475724,True,6.571880739732269,True,21.074572238462704,True
400,3676301,1838.1505,stroke,11,1.6240269939804395,False,2.6350498684810617,False,3.003619765274646,False,6.750293695547528,True,2.1298789352822163,True,3.7673434130782635,True
401,3684165,1842.0825,stroke,11,2.2863332269995524,False,1.3632381491909598,False,2.475893879514821,False,1.9741208295828365,True,2.2372908327936436,True,3.760959245297545,True
402,3699069,1849.5345,stroke,11,1.6307758223427746,False,3.7968438600691288,False,3.7684557335300166,False,1.750329192018929,True,6.458569279067291,True,17.366073819728868,True
403,3712603,1856.3015,stroke,11,1.7795713212955735,False,3.2931230800927143,False,2.2236254629660355,False,2.9344249620124234,True,3.1460590353798077,True,8.18670123899508,True
404,3731964,1865.982,stroke,11,2.488847765809334,False,2.807605018027264,False,4.330377676528132,False,2.95949233869911,True,2.8886804160004806,True,7.942361708211452,True
405,3735981,1867.9905,stroke,11,2.339777806981812,False,4.051580616903994,False,3.8029025465852277,False,1.3628431360101412,True,0.9870689894851471,True,8.098513121390361,True
406,3757186,1878.593,stroke,11,1.4834452494275565,False,2.7470943416305666,False,2.363240837176547,False,1.8997563164135323,True,2.0518424070355383,True,20.358637583252694,True
407,3771837,1885.9185,stroke,11,1.6699593548489946,False,4.207384809353321,False,2.549871568021679,False,1.6801032593267669,True,2.466318800129081,True,10.234201970413842,True
408,3778754,1889.377,stroke,11,1.3192239616597372,False,5.425234416675458,False,3.306039880730026,False,2.3665925150125235,True,4.430309625023377,True,5.823769658736998,True
409,3784329,1892.1645,stroke,11,1.250624325331176,False,5.3500638156364175,False,3.2978126368891685,False,3.143587277965536,True,2.2689055199150587,True,6.886768503250927,True
410,3790541,1895.2705,stroke,11,1.9132001664030907,False,4.6098439600788135,False,1.8474405905950548,False,1.5731768063242253,True,5.249859994176699,True,9.855031786115855,True
411,3794583,1897.2915,stroke,11,1.6032275117461556,False,3.3516401867357097,False,2.735364074843448,False,1.670090363114092,True,2.4840794517349623,True,28.26601821133194,True
412,3801414,1900.707,stroke,11,1.1228022839937877,False,4.46521376193996,False,2.763151007913407,False,2.925303484205012,True,2.7176874530608677,True,8.450336678154212,True
413,3806661,1903.3305,stroke,11,1.6896954524826697,False,2.0557987706499126,False,3.50112335892031,False,1.7023326791399802,True,3.0676532403512646,True,7.359031409889808,True
414,3811510,1905.755,stroke,11,1.4482186505898595,False,4.980887777726057,False,5.537874669379677,False,1.6527349474803819,True,3.6734642417215992,True,9.216007402091327,True
415,3817347,1908.6735,stroke,11,26.043216317769403,False,37.24165745290981,False,10.707146473311827,False,24.092414747495116,True,4.848126136926033,True,19.52893157262605,True
416,3862739,1931.3695,stroke,11,28.052560810953548,False,30.555759588166787,False,15.894018876888357,False,25.11356323348765,True,7.015103392906363,True,25.186311538504427,True
417,3877936,1938.968,stroke,11,1.3209574404164022,False,3.7629027332948963,False,2.1723549168823135,False,1.7660087644785847,True,2.120418061983097,True,5.854141274652193,True
418,3889149,1944.5745,stroke,11,1.5742098950052203,False,2.927739806984136,False,2.31133649618954,False,2.8405582960061437,True,3.580111030231505,True,6.000435162921627,True
419,3892038,1946.019,stroke,11,2.8780722713904474,False,4.154180505480925,False,2.5004295971249837,False,4.930863330809711,True,2.1134084267630335,True,11.186250596035789,True
420,3950548,1975.274,stroke,11,1.4592259637886733,False,2.1745592587162945,False,2.877727897971488,False,1.7364959384803411,True,3.126512855313524,True,14.749425403733436,True
421,3961189,1980.5945,stroke,11,1.6833228922298686,False,2.492511381280937,False,2.5659102831821343,False,1.2441210624584567,True,2.018276693088459,True,16.671834546052658,True
422,3977999,1988.9995,stroke,11,1.2971309994741445,False,2.705798577923489,False,4.433604194735624,False,3.5707059326057973,True,4.090999492541661,True,4.89268676189948,True
423,3985403,1992.7015,stroke,11,1.1905125986843705,False,2.8552581979663567,False,2.216729903603745,False,1.9770000558960188,True,3.361925455952317,True,9.078262665277892,True
424,3991485,1995.7425,stroke,11,27.739791995218635,False,24.555175014904606,False,13.008138934293367,False,21.11490078565557,True,5.737628963210515,True,23.429023275329286,True
425,3994190,1997.095,stroke,11,1.550150176135091,False,2.559051245491109,False,3.5309776807168944,False,2.047227238987772,True,4.770453860795808,True,6.658674729428762,True
426,3999421,1999.7105,stroke,11,24.88373426454326,False,28.853981377995197,False,12.168853542841608,False,21.560838063665095,True,6.233720261198829,True,14.90812069896425,True
427,4001797,2000.8985,stroke,11,2.120953359899427,False,3.1304446012105154,False,2.9142353667376613,False,2.7112725755473406,True,3.506134529399439,True,6.866649429479339,True
428,4007141,2003.5705,stroke,11,1.9075062063819894,False,1.7235855305585805,False,2.8457577423636113,False,1.716229577941008,True,3.80427771308468,True,5.130544374334894,True
429,4011854,2005.927,stroke,11,26.745617185862308,False,30.372649700054016,False,13.69387008332159,False,22.905245312174806,True,4.424486357199394,True,19.205544563094605,True
430,4014270,2007.135,stroke,11,1.9679537215470058,False,3.5988194663510966,False,3.3456740210684437,False,1.4023527490939813,True,4.276417730320275,True,8.011635694669454,True
431,4018074,2009.037,stroke,11,1.889707187173537,False,2.0514159219158685,False,3.4219768661274355,False,2.168341515491708,True,3.781933319898635,True,8.878588333465936,True
432,4024342,2012.171,stroke,11,3.14549636648977,False,2.9939349037003797,False,2.6018089690740505,False,1.7814104558387154,True,3.5122809156061905,True,5.440150700651126,True
433,4030447,2015.2235,stroke,11,1.7771104897853587,False,2.083361013582797,False,2.3935979408808516,False,1.64201275881714,True,1.9499210783185963,True,10.096679366276277,True
434,4039685,2019.8425,stroke,11,2.7615264590059203,False,1.739142955515161,False,3.685386495733712,False,2.308114719247942,True,4.056210159193572,True,6.352293913357633,True
435,4045749,2022.8745,stroke,11,1.3031583000391684,False,1.9163968631183794,False,3.374684612409176,False,1.4186159963976452,True,3.0275691080080263,True,12.060221898287805,True
436,4050744,2025.372,stroke,11,1.7330351506732802,False,2.2842537387521773,False,2.1468325455605304,False,5.232503103214952,True,1.640129701743132,True,5.405763862796075,True
437,4053032,2026.516,stroke,11,1.74218207722727,False,2.8634780711383114,False,4.081013112418628,False,1.280995693357007,True,3.070807034699463,True,5.794901458235245,True
438,4057763,2028.8815,stroke,11,1.1168473178529712,False,2.3492154204735516,False,2.7425507533848785,False,1.154930281861358,True,3.025300040305585,True,10.331495349170233,True
439,4068324,2034.162,stroke,11,2.0602667600814613,False,3.466086691333329,False,3.2396972702467703,False,1.872415000544964,True,1.2966735486595442,True,8.634066721370168,True
440,4070887,2035.4435,stroke,11,1.9892616445037552,False,4.842552688302849,False,1.9977501715643544,False,4.210574497220478,True,3.129480030023624,True,5.544951842738174,True
441,4073564,2036.782,stroke,11,1.272272852063181,False,2.8627593690463273,False,3.875966235979261,False,2.2544568765320925,True,1.611828887472861,True,6.419214625540769,True
442,4076661,2038.3305,stroke,11,2.1048987798796435,False,2.6875099320578166,False,2.790583743844398,False,2.147434656968054,True,3.471649124173515,True,7.494982517363823,True
443,4081464,2040.732,stroke,11,1.456461724857315,False,2.1322323546560153,False,1.5056675541025262,False,1.5997902628902168,True,1.1554214341102567,True,4.438190902685589,True
444,4103073,2051.5365,stroke,11,1.0999537892835405,False,2.8341383965555362,False,2.7672154060407763,False,1.6399847245346857,True,3.7583544627526777,True,4.571119961034846,True
445,4110588,2055.294,stroke,11,1.4263942939075838,False,2.9716363654066793,False,2.7660270255176456,False,5.267548119173612,True,2.6711629068175675,True,15.810074635722021,True
446,4121122,2060.561,stroke,11,2.8979268461203205,False,2.402652168380777,False,3.3587930705688764,False,4.967041639135548,True,2.162874132365154,True,17.363982660024348,True
447,4134438,2067.219,stroke,11,2.7510299114024654,False,4.5365176013395505,False,3.1944787960630565,False,1.496758609292083,True,3.797497253559671,True,9.57280136095133,True
448,4138884,2069.442,stroke,11,2.9746799815343534,False,3.046705206457353,False,6.245323361990349,False,1.5230221564327695,True,1.895851125538399,True,15.714336449097116,True
449,4144584,2072.292,stroke,11,1.680518270394313,False,4.419825481068889,False,3.32779979938143,False,2.068236996158875,True,4.075731609238498,True,26.89835836700116,True
450,4166401,2083.2005,stroke,11,1.1238618991694183,False,3.335583948132407,False,2.4272409107883415,False,1.648578414097233,True,2.940940616758567,True,7.9279656179660325,True
451,4185648,2092.824,stroke,11,1.6843409305497157,False,2.216587785908993,False,3.2818538111109463,False,1.652890458067477,True,3.273783849275611,True,16.378450222832107,True
452,4190164,2095.082,stroke,11,1.582432127970753,False,3.2013332872054026,False,2.9604840634068883,False,1.8629181482655617,True,4.305293517625271,True,11.874118847671074,True
453,4204176,2102.088,stroke,11,1.2654399015244158,False,3.5739948527607193,False,2.5665045942322906,False,1.5933391654527185,True,1.9680511483854677,True,9.356485589464807,True
454,4211325,2105.6625,stroke,11,1.4102268381268077,False,3.0538536597358155,False,2.2414499263894294,False,5.624993338796816,True,3.070698373518944,True,24.27108560521377,True
