detection_idx,pulse_index,pulse_time_s,hemisphere,detection_channel,ch2_amplitude,ch2_relevant,ch4_amplitude,ch4_relevant,ch7_amplitude,ch7_relevant,ch8_amplitude,ch8_relevant,ch9_amplitude,ch9_relevant,ch10_amplitude,ch10_relevant
0,1471,0.7355,healthy,9,8.096193704963044,True,3.9275789253481097,False,7.563260757187903,False,167.46386382264956,True,32.30444230674098,True,2.7353677675775563e-05,False
1,5427,2.7135,healthy,9,24.715897098079836,True,3.0967441540864176,False,13.032117296761086,False,142.47249335780424,True,26.378819882025667,True,2.8220240156771345e-05,False
2,17204,8.602,healthy,9,10.984307919119042,True,3.916274690140324,False,10.310389570546167,False,1015.6099885503723,True,9.338248538465656,True,3.59023374213062e-05,False
3,31459,15.7295,healthy,9,3.637561892221189,True,5.148706210257702,False,5.702037493070291,False,148.53797863722355,True,8.4329869547386,True,2.7654188908846238e-05,False
4,37527,18.7635,healthy,9,2.440421044546565,True,3.895537949185207,False,7.311019198512049,False,233.98384954094593,True,14.380847259726309,True,2.3775032967239014e-05,False
5,53439,26.7195,healthy,9,3.3270471750266197,True,5.587659486696098,False,9.810292361833776,False,245.08096882017793,True,31.43164376659549,True,2.004552420094147e-05,False
6,63252,31.626,healthy,9,3.6775835609028977,True,1.9901997735596684,False,11.180700682066142,False,81.4849785836074,True,6.481416646305373,True,3.691203493124655e-05,False
7,121059,60.5295,healthy,9,3.6945231218991594,True,5.700528886432123,False,10.061230600959988,False,193.87597452368067,True,27.07069612348168,True,2.765418890884624e-05,False
8,132584,66.292,healthy,9,2.697564630624659,True,3.5320534716783523,False,11.720848652088344,False,12.835552165742524,True,9.189079179148612,True,2.7754220581880712e-05,False
9,137911,68.9555,healthy,9,4.47329149638499,True,4.670534080635062,False,9.353392368534841,False,187.79244169703725,True,21.828702977890025,True,2.7654188905518415e-05,False
10,215756,107.878,healthy,9,3.025585423891078,True,4.528091518696643,False,22.797116099688935,False,10.913636475614322,True,6.483226103042471,True,2.1360683117164976e-05,False
11,219292,109.646,healthy,9,3.9702317410957235,True,7.303579966190026,False,8.281207429239844,False,101.23997417034514,True,6.990752661537566,True,3.801851635981625e-05,False
12,230530,115.265,healthy,9,3.9163190842035545,True,2.982124484405472,False,20.15784562337715,False,92.79637007126232,True,13.473545296378976,True,2.6370550081427227e-05,False
13,236758,118.379,healthy,9,3.2594636594202795,True,2.7519796378521297,False,20.716941522023397,False,11.827286320420974,True,6.131252157472676,True,2.325226550839423e-05,False
14,246998,123.499,healthy,9,3.9609567402760546,True,5.501787012201913,False,7.830400597009129,False,6.784004469697872,True,10.101027295670566,True,2.8723041816228353e-05,False
15,249433,124.7165,healthy,9,2.073611221039682,True,4.028720204386191,False,13.155168341884062,False,5.909351801321056,True,6.696018857338014,True,2.235090987660642e-05,False
16,255517,127.7585,healthy,9,3.5812434080253452,True,5.213100831372065,False,11.958549691698153,False,6.709730809857367,True,7.027825327953964,True,2.7649391166969474e-05,False
17,265861,132.9305,healthy,9,2.2961330252798895,True,4.508487933558946,False,13.801160070445796,False,8.015264618998376,True,4.94764377591239,True,3.865691961258532e-05,False
18,268120,134.06,healthy,9,2.4627056426055436,True,6.07262820625145,False,12.84534804298365,False,17.166506213408336,True,12.779805649429727,True,2.7353677674800435e-05,False
19,275005,137.5025,healthy,9,3.3200764949264885,True,2.422351071049111,False,8.020565306292152,False,16.268656937500108,True,9.498566279674494,True,3.057312840380417e-05,False
20,279125,139.5625,healthy,9,5.828236452792836,True,3.479732594970144,False,9.670589542876504,False,67.99073307208448,True,5.77450835500893,True,2.6431564745031005e-05,False
21,290859,145.4295,healthy,9,4.452237910476462,True,3.1381963496042085,False,5.584345655503112,False,29.531322091746453,True,5.259199964319562,True,3.2699087767387426e-05,False
22,293909,146.9545,healthy,9,3.912274558734067,True,4.3664294108349315,False,17.748202126219738,False,17.00391643118557,True,7.791295863738595,True,2.7654188908769117e-05,False
23,298184,149.092,healthy,9,2.8793175720667747,True,2.9648538119869356,False,8.831168182151975,False,8.423159327007774,True,7.538202725075944,True,2.6902076026720304e-05,False
24,303456,151.728,healthy,9,3.3337928297860597,True,3.810042608812929,False,16.625440745515093,False,8.288320975530798,True,101.94461175879775,True,2.6902076026720307e-05,False
25,306750,153.375,healthy,9,6.086889238099938,True,4.57782029112438,False,5.502697682971121,False,9.244923857860437,True,8.04555198133636,True,3.823899948864782e-05,False
26,310427,155.2135,healthy,9,4.224365822969543,True,18.292902055001008,False,122.30228589636653,False,10.018154473404476,True,9.046034523515683,True,3.2242477326106694e-05,False
27,314716,157.358,healthy,9,4.365617074659231,True,4.007744842596993,False,9.595981559500823,False,9.864548064624907,True,11.12932558013522,True,3.0290990351205404e-05,False
28,327526,163.763,healthy,9,9.755608857769657,True,6.586277929056463,False,20.041063289922537,False,19.39693690240957,True,11.65762277776546,True,3.0881608880094894e-05,False
29,407979,203.9895,healthy,9,6.102700171921855,True,4.7345102732969,False,18.341889248677152,False,94.48208905025132,True,8.430987289039013,True,3.8018516359903567e-05,False
30,431819,215.9095,healthy,9,5.705251609620435,True,2.2347801361983537,False,6.242091119738671,False,29.735417016141493,True,8.611036941232019,True,2.114295683620142e-05,False
31,439736,219.868,healthy,9,9.638987396418113,True,6.45185725834633,False,9.68544824972165,False,351.1093410655318,True,10.721511547991389,True,3.229414038771351e-05,False
32,452520,226.26,healthy,9,6.4620928326002325,True,4.743292962243631,False,9.352791844250074,False,61.10252110944104,True,17.825022089318647,True,3.045832488271042e-05,False
33,765004,382.502,healthy,9,26.508248627482196,True,3.175708775846454,False,14.782133680673518,False,447.3719700087933,True,12.349479849794799,True,2.2400253720602934e-05,False
34,783957,391.9785,healthy,9,12.322445822775313,True,2.5573626622783,False,5.347902865540574,False,221.70842365028213,True,8.874684265027382,True,2.7754220578274842e-05,False
35,792305,396.1525,healthy,9,2.8824937027281132,True,7.546046824305375,False,18.582909342395283,False,4.0500035092608675,True,21.205386249102336,True,2.6370550080003608e-05,False
36,799124,399.562,healthy,9,34.126251682404245,True,2.836814294577602,False,9.67670414411934,False,257.3782024530858,True,59.60533176458185,True,2.892434158495346e-05,False
37,803885,401.9425,healthy,9,3.5948143338948366,True,3.2228872971701237,False,15.348895973533075,False,5.9568986544710585,True,9.750087097566105,True,1.8319205659495885e-05,False
38,807224,403.612,healthy,9,5.584747499283934,True,96.20108420116551,False,9.841506966071808,False,549.792989939916,True,48.68818071767549,True,2.7654188905518415e-05,False
39,809339,404.6695,healthy,9,9.545507140248743,True,2.8705803746100393,False,10.810784324629282,False,172.65146077060245,True,6.097925754169681,True,2.7654188908840004e-05,False
40,812397,406.1985,healthy,9,6.32461289332261,True,90.50989440607421,False,9.78550935706675,False,199.5888509420968,True,48.04264238498118,True,3.0881608880094894e-05,False
41,815469,407.7345,healthy,9,3.1516890470587158,True,73.66852396263285,False,12.51877488040778,False,62.87689253218136,True,34.01227348424416,True,2.1142956849140613e-05,False
42,819050,409.525,healthy,9,14.447388299865537,True,261.32689470646176,False,23.60235700172655,False,34.51176071953689,True,160.8152822497454,True,3.590090121210165e-05,False
43,821970,410.985,healthy,9,4.4437237800233875,True,93.43434958637603,False,10.949123222049089,False,17.48025872315182,True,41.77375443177486,True,2.7654188908846238e-05,False
44,826368,413.184,healthy,9,9.56222028990561,True,241.67696029416334,False,21.621608193080185,False,55.125030392891574,True,146.60205323307827,True,3.823899948762353e-05,False
45,828535,414.2675,healthy,9,3.0243869335625218,True,110.84023820578354,False,16.15358954821914,False,14.69465220347652,True,52.10509470713954,True,3.590090121272404e-05,False
46,832176,416.088,healthy,9,7.699367812645345,True,89.87334257712871,False,15.378296646852824,False,228.4400657253637,True,44.522665824191094,True,3.153045988565071e-05,False
47,836661,418.3305,healthy,9,3.721182931753531,True,73.64627235361642,False,11.714697449375977,False,95.42171473806812,True,26.92216084678347,True,2.4672185883177642e-05,False
48,839687,419.8435,healthy,9,5.343106202192988,True,99.32395257439029,False,19.147531468491128,False,26.20590271044849,True,58.36006606329423,True,2.235090987660642e-05,False
49,843148,421.574,healthy,9,3.914771584421696,True,99.4219755437656,False,13.243774801124413,False,13.219107257219676,True,51.22166025416346,True,2.9916919826550867e-05,False
50,846080,423.04,healthy,9,4.407440768127165,True,95.5547111191785,False,17.22145462996373,False,36.39343529357522,True,37.74074270927451,True,3.088160887541674e-05,False
51,849165,424.5825,healthy,9,6.4448045442480835,True,87.85507118627825,False,11.995607237454497,False,259.9148098647064,True,39.962030790382165,True,2.235090988060617e-05,False
52,862746,431.373,healthy,9,8.037255494835126,True,2.8988244813545445,False,11.160690144624892,False,315.7718064815932,True,38.334958195799004,True,3.153045988461517e-05,False
53,866923,433.4615,healthy,9,14.066226532372921,True,62.06267934344218,False,12.806181808630818,False,15.251201066924736,True,29.024010214278896,True,3.213857283990074e-05,False
54,873505,436.7525,healthy,9,4.336138442350423,True,100.18570944470935,False,13.160921975430968,False,23.430300872003592,True,65.37034519837468,True,3.088160888073921e-05,False
55,876860,438.43,healthy,9,7.835372312667333,True,61.54371202795518,False,13.83741405571116,False,74.5826227905836,True,23.695760642696026,True,2.85734800004493e-05,False
56,883201,441.6005,healthy,9,5.854793899625571,True,2.6155130916439693,False,41.99153242250956,False,31.01873409680399,True,22.55309013764701,True,2.9916919822397397e-05,False
57,886142,443.071,healthy,9,9.383504886673196,True,2.2851336163975913,False,9.462676902648262,False,246.06587275691203,True,14.09772702364165,True,3.0881608880094894e-05,False
58,888624,444.312,healthy,9,6.93637421981706,True,5.778980967634281,False,7.229008655161629,False,242.78369931769137,True,12.673912262598968,True,3.5900901211163216e-05,False
59,894150,447.075,healthy,9,9.571258869647664,True,87.38007950015893,False,19.204762287003625,False,542.1479779593953,True,42.432140195441114,True,3.0458324889988243e-05,False
60,903761,451.8805,healthy,9,11.335277331386528,True,2.906976789701438,False,12.39304008586398,False,352.14216477896707,True,14.161525413059962,True,3.332171224617827e-05,False
61,908736,454.368,healthy,9,22.569684902058032,True,386.15808617675475,False,126.06546042711774,False,518.5704029195686,True,240.31548166050686,True,2.548673115088996e-05,False
62,911631,455.8155,healthy,9,29.657817950733186,True,134.94946038627955,False,36.363123558302675,False,790.8959420650068,True,81.85374890841608,True,2.8573480000785093e-05,False
63,918684,459.342,healthy,9,21.440011611905035,True,2.632847907582581,False,8.967990073373741,False,391.5486238282931,True,9.236898492989047,True,2.3252265502582156e-05,False
64,930588,465.294,healthy,9,2.3518459445827666,True,2.0703497074676216,False,11.300970191192793,False,5.192597992955612,True,3.566155327055586,True,2.6902076026720307e-05,False
65,942479,471.2395,healthy,9,18.158830189705867,True,4.758510470940978,False,11.029404063754146,False,109.9440432966766,True,15.669689727783814,True,2.8924341584849727e-05,False
66,951235,475.6175,healthy,9,6.20829402972214,True,9.01966907927794,False,15.768153664537017,False,163.5881613130399,True,39.44576654801193,True,3.4453759191603264e-05,False
67,959872,479.936,healthy,9,6.251509700373843,True,4.356611813145296,False,15.28343486863773,False,37.34382169093285,True,15.19789077667949,True,2.1142956841647326e-05,False
68,965978,482.989,healthy,9,16.281009630291944,True,2.9510622992954842,False,10.55654876526208,False,97.28520770453507,True,10.812309699116092,True,3.445375919249254e-05,False
69,970017,485.0085,healthy,9,2.8335719180301826,True,2.508363100116451,False,14.393688299189515,False,6.0598356583289466,True,8.86374731579439,True,3.590233742379825e-05,False
70,975790,487.895,healthy,9,4.0757279019551955,True,4.722324255805975,False,11.614208419139159,False,6.423282664453475,True,11.313672975196882,True,2.46721858830032e-05,False
71,979572,489.786,healthy,9,3.0952740846297697,True,3.3290982736240773,False,16.089256867718646,False,6.034291072595375,True,8.027177749091836,True,2.7353677674800435e-05,False
72,992247,496.1235,healthy,9,6.736301944807875,True,6.573705814692353,False,6.2532620283454845,False,27.367945374048414,True,10.985414817595625,True,2.7649391162229214e-05,False
73,996094,498.047,healthy,9,7.63469036308017,True,1.9957008123268931,False,7.5361703386416785,False,65.70159269348312,True,10.946566478858653,True,3.801851635853435e-05,False
74,1004412,502.206,healthy,9,2.848289481688708,True,2.4241862937638006,False,10.910413229383645,False,7.511621328727848,True,22.5514272692271,True,2.99169198223974e-05,False
75,1022944,511.472,healthy,9,15.115053982529192,True,2.347834514467651,False,21.143368252340128,False,397.3978985894235,True,24.575336720345813,True,3.315941169133325e-05,False
76,1029687,514.8435,healthy,9,8.109389490149983,True,2.914636649677585,False,12.586720613748476,False,346.31425874038666,True,68.58794910246392,True,2.85734800004493e-05,False
77,1091778,545.889,healthy,9,8.799494209948344,True,2.711937443612336,False,7.8149267917116845,False,361.7610850864219,True,78.26017564892084,True,2.765418890551841e-05,False
78,1122413,561.2065,healthy,9,1.9115599539464168,True,1.8065352437879758,False,10.69754640056998,False,85.93059010025779,True,10.291815986560518,True,2.6902076023662335e-05,False
79,1126701,563.3505,healthy,9,1.7823483247311545,True,2.4221897176209457,False,7.226211646645477,False,8.451781764477728,True,17.46133088410363,True,3.269908776691428e-05,False
80,1133416,566.708,healthy,9,1.8547615666959625,True,2.6794722093980505,False,12.173350329701949,False,266.3292970325922,True,6.194672870119323,True,2.537880001300433e-05,False
81,1143853,571.9265,healthy,9,2.161656005190766,True,2.0213427233637735,False,10.253355830893192,False,55.210697343440465,True,6.237980779053027,True,3.865691961391666e-05,False
82,1149353,574.6765,healthy,9,3.642709615043831,True,2.139501278475532,False,9.574914372324507,False,289.0048856627766,True,19.56543362039073,True,3.332171225017952e-05,False
83,1252466,626.233,healthy,9,4.188376505835029,True,3.1488113624148397,False,7.476280673100765,False,96.73761208501986,True,12.597756098127778,True,3.590233742242862e-05,False
84,1266745,633.3725,healthy,9,4.521066931574073,True,100.00127698426965,False,28.792796051833704,False,41.41967560912018,True,52.2524418827125,True,2.7654188905442297e-05,False
85,1269859,634.9295,healthy,9,2.2976856081398527,True,2.3483201303725574,False,11.65301537306256,False,41.03018251555099,True,13.119508038907295,True,2.467218586997354e-05,False
86,1276870,638.435,healthy,9,2.1928033565604483,True,2.697483147044013,False,8.237827141969316,False,87.83006986383769,True,15.17337405252055,True,3.301661256386128e-05,False
87,1281342,640.671,healthy,9,3.2333688657473876,True,3.0117183631828244,False,13.315027993963351,False,21.189317469082557,True,10.719668780243039,True,2.1142956841647326e-05,False
88,1284632,642.316,healthy,9,2.45194611782813,True,2.0775475209022423,False,7.8680067220203185,False,96.42485994664247,True,6.7530125576976054,True,2.240025372056872e-05,False
89,1293281,646.6405,healthy,9,2.629769494607302,True,3.15338454522863,False,13.881247809131354,False,38.99273875042772,True,14.988526160720099,True,3.823899948867287e-05,False
90,1306057,653.0285,healthy,9,2.933274641213621,True,2.6535122753220497,False,4.5160552713425375,False,19.844293932989437,True,7.668706964808092,True,2.850987048036421e-05,False
91,1308443,654.2215,healthy,9,4.216404353225199,True,2.7677169048871186,False,9.75891455559952,False,6.735739376869806,True,7.052069374653798,True,2.7649391162229217e-05,False
92,1312045,656.0225,healthy,9,2.479421651042606,True,3.7352829273422605,False,13.600996145961549,False,88.65424016256536,True,7.756397190189125,True,2.6431564745031005e-05,False
93,1315074,657.537,healthy,9,2.726878172319453,True,3.116327127519093,False,6.101133863876514,False,4.3487851507521516,True,5.121059088309988,True,1.9123806150031644e-05,False
94,1319980,659.99,healthy,9,2.733727450924896,True,1.8962775241683116,False,8.11934864785987,False,29.151488898669786,True,5.514135993139611,True,2.5378800005311366e-05,False
95,1324638,662.319,healthy,9,3.170825486814116,True,3.481328995048179,False,15.534597419687499,False,31.413784003746468,True,14.976152334199575,True,3.088160887902167e-05,False
96,1328883,664.4415,healthy,9,4.103134799798964,True,3.907850807387021,False,8.611899469911737,False,97.55990684421518,True,12.400752219529753,True,2.46721858830032e-05,False
97,1333870,666.935,healthy,9,3.4421872955883606,True,2.354518257893404,False,8.75550798542437,False,41.43966475850313,True,10.706279956645174,True,3.315941169133325e-05,False
98,1339461,669.7305,healthy,9,3.8216167571706223,True,3.6757997349203793,False,8.001912942851849,False,86.96682819593187,True,7.912690520930338,True,2.765418890551841e-05,False
99,1342426,671.213,healthy,9,2.4032773231265585,True,3.3094629501020614,False,11.682062032369977,False,4.4897582477255025,True,9.093586550920865,True,2.2350909876976312e-05,False
100,1352515,676.2575,healthy,9,3.22226463918195,True,3.793243147987017,False,21.788994977952928,False,6.78781930004029,True,6.5750630878824285,True,3.544948019259144e-05,False
101,1360765,680.3825,healthy,9,2.262535951562734,True,2.0089705622036362,False,12.999641978287233,False,6.789190633930808,True,12.570889935660924,True,3.8018516360071984e-05,False
102,1367854,683.927,healthy,9,3.4304530508884286,True,2.7054195671077697,False,4.364247340455257,False,8.310705918039327,True,6.653113826818184,True,3.088160887541674e-05,False
103,1372918,686.459,healthy,9,7.785505523461863,True,59.92333629859977,False,13.46526007546463,False,65.11225398337359,True,31.79225238046527,True,3.029099034971619e-05,False
104,1572123,786.0615,healthy,9,4.437170088058788,True,4.193882483845673,False,13.040996980953892,False,127.08629015506065,True,8.605903950856874,True,3.029099034951117e-05,False
105,1579608,789.804,healthy,9,3.462451474887973,True,2.677347687086294,False,10.025052296621457,False,264.56579123220865,True,8.604528590168027,True,2.2350909876976312e-05,False
106,1582477,791.2385,healthy,9,4.359661975281323,True,2.403506476991046,False,9.760793865172163,False,84.0850089153605,True,6.591526929746381,True,2.7353677674291524e-05,False
107,1586495,793.2475,healthy,9,6.455608845450554,True,2.596096160670929,False,6.29405691974723,False,162.30914916259852,True,5.897793859889784,True,3.544948019311523e-05,False
108,1593974,796.987,healthy,9,5.247244305021555,True,1.658266525068819,False,8.766136062394017,False,333.53504277662853,True,6.466922958433344,True,3.590233741780978e-05,False
109,1619409,809.7045,healthy,9,20.39945367745093,True,3.1999561869998274,False,8.36383426091589,False,195.40897141407729,True,73.39468304472682,True,3.3016612563861286e-05,False
110,1669188,834.594,healthy,9,30.992231032733073,True,1.8207424970033856,False,8.225400140473347,False,37.24746426769181,True,113.61835952187653,True,2.2350909876976312e-05,False
111,1677994,838.997,healthy,9,12.872635895456856,True,3.7699717454788098,False,34.30369381391136,False,54.27603682965429,True,200.8607273062828,True,3.823899948867287e-05,False
112,1685894,842.947,healthy,9,14.239929556914717,True,3.3874473772270766,False,14.371481000917122,False,7.690281033236443,True,139.36052244774612,True,3.2242477326106694e-05,False
113,1692930,846.465,healthy,9,2.7488114191957225,True,4.391831387851668,False,5.540809509134045,False,173.88835216223515,True,79.70451503330601,True,3.2294140387700074e-05,False
114,1706574,853.287,healthy,9,2.5506181429151624,True,2.2060592494305844,False,10.48422562854692,False,84.36698626120311,True,10.307870855637884,True,3.2772430845154994e-05,False
115,1761206,880.603,stroke,4,45.92492253907116,False,106.20075609462756,True,16.981281689904048,True,21.15126274487998,False,61.35698672488163,False,3.2699087767387426e-05,True
116,1764275,882.1375,stroke,4,371.0397618530526,False,263.88950332374407,True,58.78279124999551,True,1349.106220605767,False,140.88303832523803,False,2.6736684070511343e-05,True
117,1788489,894.2445,stroke,4,76.63280243367673,False,352.5495587526609,True,78.71882078935913,True,482.90783484844064,False,127.94453259060977,False,2.7654188905442297e-05,True
118,1809791,904.8955,stroke,4,18.34471260268773,False,124.24327031385786,True,27.47415533047768,True,323.87660415417974,False,75.74717973943363,False,3.8018516359903567e-05,True
119,1813988,906.994,stroke,4,788.6858554326352,False,481.1624230289334,True,117.23730973658591,True,1395.5582030847763,False,298.643156791939,False,3.8018516360071984e-05,True
120,1842915,921.4575,stroke,4,8.783518818908094,False,118.67100123030056,True,18.910126669812612,True,155.9554485300564,False,63.157528677762855,False,3.4453759198897044e-05,True
121,1877599,938.7995,stroke,4,23.804470404860197,False,60.80633305699182,True,13.885400226082083,True,278.9607960918626,False,24.480363951879685,False,2.7353677674291527e-05,True
122,1883709,941.8545,stroke,4,25.934739131886918,False,334.88282266051,True,67.21918059922353,True,393.0923514109393,False,205.12165796249624,False,3.229414038771351e-05,True
123,1889350,944.675,stroke,4,19.60657655878672,False,108.48175918413548,True,11.84677276051874,True,154.2288159245909,False,50.09988131478188,False,3.153045988529684e-05,True
124,1895181,947.5905,stroke,4,15.737406336146348,False,102.75857868775988,True,13.77556717469037,True,201.16486008488965,False,54.19650666475071,False,3.801851635981625e-05,True
125,1921883,960.9415,stroke,4,15.399628955344596,False,15.158165811621899,True,47.88663391952997,True,43.50785799491577,False,38.91638369574949,False,2.764939116661761e-05,True
126,1926137,963.0685,stroke,4,8.937008750486285,False,70.03688982467663,True,16.469118336390142,True,175.2989996116862,False,84.65863276368897,False,3.332171224617827e-05,True
127,1931978,965.989,stroke,4,21.062952550279174,False,85.68483022272642,True,22.803699561795653,True,106.13081436029691,False,44.68956767687672,False,3.6912034929978514e-05,True
128,1938735,969.3675,stroke,4,21.610268711127674,False,86.260940316448,True,14.219671688754813,True,96.29624218643553,False,43.861893603836585,False,2.7649391165947634e-05,True
129,1943527,971.7635,stroke,4,43.04560628039433,False,53.70228008150462,True,18.50098072157937,True,175.74945217435362,False,34.09320387108785,False,3.1389619979209166e-05,True
130,1946000,973.0,stroke,4,22.72661286065541,False,54.21486068738662,True,10.816694457376059,True,131.77221140298863,False,39.381265451218226,False,3.59023374213062e-05,True
131,1948645,974.3225,stroke,4,16.868004995964622,False,70.1725860481323,True,10.253770816679904,True,280.72025378605207,False,35.260722794942154,False,2.346780245525804e-05,True
132,1982538,991.269,stroke,4,20.14989088448912,False,200.22463115203456,True,24.46375964122857,True,117.99574831123965,False,97.40729425497783,False,3.2699087767387426e-05,True
133,1985839,992.9195,stroke,4,23.82312496752509,False,75.93607984769042,True,10.131193330911653,True,269.7166009352722,False,28.32512747609048,False,3.59009012123401e-05,True
134,1989218,994.609,stroke,4,11.917765921426767,False,15.860900095092255,True,8.069078914077338,True,288.877820621434,False,6.077136645253107,False,3.590233741780978e-05,True
135,1999953,999.9765,stroke,4,10.84384716018627,False,81.57437362021113,True,17.967502695908685,True,24.05302096234689,False,25.904910707201047,False,3.4453759191603264e-05,True
136,2006502,1003.251,stroke,4,15.386240819680962,False,383.22593942618926,True,69.87679488152523,True,50.43521114028143,False,201.44849740972916,False,2.1360683117087865e-05,True
137,2016550,1008.275,stroke,4,12.070245014477507,False,90.33308776020881,True,15.628158965898836,True,11.59300540863605,False,33.040348813230445,False,3.865691961265175e-05,True
138,2021260,1010.63,stroke,4,13.342830021554189,False,66.1121512671946,True,19.371781184028364,True,83.12351101583394,False,22.987709695564103,False,2.1360683117291533e-05,True
139,2025135,1012.5675,stroke,4,11.88216492137869,False,73.87852596834657,True,12.566661105620577,True,14.451713248715429,False,30.523028229295658,False,2.7353677674291524e-05,True
140,2029507,1014.7535,stroke,4,8.30474164530112,False,71.0938094891804,True,18.098241455384596,True,7.897924811538466,False,22.45576447932129,False,3.3159411691333245e-05,True
141,2032474,1016.237,stroke,4,10.034007631073768,False,66.5461873833318,True,9.883607301645728,True,31.817918557349774,False,20.352699450507355,False,2.8723041823881705e-05,True
142,2043169,1021.5845,stroke,4,118.65825004038076,False,622.8702209494397,True,182.4080002437257,True,184.82493668580554,False,337.49447011841914,False,3.4453759198897044e-05,True
143,2061086,1030.543,stroke,4,3.9560632605758204,False,11.933482955234403,True,10.819077185636914,True,18.419021775187474,False,10.827808960370621,False,3.4453759199056815e-05,True
144,2142447,1071.2235,stroke,4,27.63847966144055,False,221.17298317003906,True,39.899085602023504,True,64.95086021233143,False,122.44118148010566,False,2.1142956839710012e-05,True
145,2146791,1073.3955,stroke,4,15.011790864608288,False,150.45772634693412,True,28.676376874048255,True,98.67861820060826,False,73.24829408968371,False,2.467218588517082e-05,True
146,2150818,1075.409,stroke,4,15.27179903565169,False,133.57747275227553,True,28.507933408062026,True,243.67480785629428,False,67.44202991120252,False,2.3252265501430662e-05,True
147,2167553,1083.7765,stroke,4,23.157652551071426,False,75.04284128028236,True,14.90467489907287,True,512.1612552954632,False,49.904378513083216,False,3.445375919249254e-05,True
148,2171112,1085.556,stroke,4,17.935219352121564,False,74.16902642405462,True,14.847785512889459,True,261.6676032415271,False,29.696237828990846,False,2.765418890884624e-05,True
149,2174587,1087.2935,stroke,4,13.103365746742366,False,76.82914476997085,True,15.481473706084913,True,278.7373656411493,False,33.44149711166073,False,2.5486731149586766e-05,True
150,2177684,1088.842,stroke,4,21.15063260056929,False,70.20371330197591,True,14.656706325425425,True,206.75782086347417,False,34.05936785858245,False,3.5073916799966545e-05,True
151,2180886,1090.443,stroke,4,24.720980182385624,False,64.75718168765383,True,15.276021872439296,True,137.14153894292252,False,32.60212174915972,False,2.5486731150539557e-05,True
152,2184647,1092.3235,stroke,4,6.26326334119566,False,93.68659833638614,True,11.773593121073038,True,256.83791841740856,False,43.98239603990221,False,2.6370550082122078e-05,True
153,2188669,1094.3345,stroke,4,8.109964444788607,False,64.52553478600781,True,11.02471699920283,True,114.57997579699325,False,25.00445953831069,False,3.285663959081079e-05,True
154,2192493,1096.2465,stroke,4,7.891074383643215,False,59.20108381371387,True,13.720700405177784,True,49.01877917968968,False,29.80741082795703,False,2.54867311495453e-05,True
155,2197393,1098.6965,stroke,4,11.840243634497671,False,45.347037571205874,True,8.814146987898887,True,127.2986967279818,False,29.16582869202408,False,2.240025371921052e-05,True
156,2254605,1127.3025,stroke,4,24.77119797548986,False,14.956449747801404,True,29.36544843098725,True,287.11319183155956,False,31.37711562607982,False,3.59009012123401e-05,True
157,2286132,1143.066,stroke,4,60.00907774613681,False,364.79127005452693,True,52.80499818842898,True,229.9789374561634,False,306.0895844916873,False,3.691203493068434e-05,True
158,2289764,1144.882,stroke,4,56.51245399230021,False,345.9924275673585,True,69.23371186109375,True,330.09415910261157,False,394.3136771489493,False,3.3016612558137396e-05,True
159,2475464,1237.732,stroke,4,5.826986006919769,False,35.47362485562063,True,17.495573468477364,True,370.19516935506965,False,10.791217097527214,False,2.2350909876976312e-05,True
160,2478430,1239.215,stroke,4,5.527286688172001,False,18.26663934334497,True,11.052173154620503,True,392.188979729038,False,20.78966237200772,False,3.301661256386128e-05,True
161,2483699,1241.8495,stroke,4,1.8786333692648056,False,17.041181854180717,True,19.450560889999856,True,7.703086221019841,False,11.807859523943094,False,3.301661256386128e-05,True
162,2494934,1247.467,stroke,4,6.481295801780371,False,20.902224078595502,True,15.136542114325502,True,233.23885757586214,False,9.000105754693774,False,3.507391680473714e-05,True
163,2498494,1249.247,stroke,4,5.91319657433719,False,20.293867579806445,True,16.604719380999548,True,13.323534368425767,False,9.529700342602295,False,3.4453759199056815e-05,True
164,2501470,1250.735,stroke,4,7.392244746228276,False,22.01987191071826,True,17.101038202433077,True,474.6375536024275,False,33.97640005671721,False,3.590233742242862e-05,True
165,2505132,1252.566,stroke,4,5.24010611350397,False,21.811995343976307,True,13.807116387081791,True,384.1525937086077,False,6.7700098851410475,False,2.7754220582334664e-05,True
166,2516328,1258.164,stroke,4,3.6669313100632968,False,19.80544732039505,True,7.96431462124527,True,237.42079287099375,False,8.964514188741356,False,2.7649391166969474e-05,True
167,2630531,1315.2655,stroke,4,6.816916829672072,False,14.796775454518311,True,11.931326234878444,True,748.1591361504586,False,25.542043229264372,False,3.0881608880094894e-05,True
168,2636025,1318.0125,stroke,4,13.781209183427222,False,15.90636941707099,True,33.347503170571855,True,374.5204143089684,False,10.89081335666366,False,3.2699087767387426e-05,True
169,2647467,1323.7335,stroke,4,688.178307741079,False,762.430803646856,True,11.963405429371074,True,868.3694427433002,False,847.3144091894032,False,2.7654188905442297e-05,True
170,2650888,1325.444,stroke,4,89.91799596738556,False,666.4862018234793,True,70.39725443809681,True,776.5643521863632,False,729.0130984541993,False,3.801851635853435e-05,True
171,2655281,1327.6405,stroke,4,272.2902196889811,False,675.0681222938401,True,8.992868117074057,True,706.191279166019,False,700.0586002189193,False,3.8656919615826174e-05,True
172,2675285,1337.6425,stroke,4,143.92821922263528,False,699.5735216501362,True,9.98044994026135,True,346.723072651688,False,539.7860774820065,False,3.544948019259144e-05,True
173,2678733,1339.3665,stroke,4,827.207097686045,False,799.7057369253847,True,34.192448743539906,True,740.5944390087337,False,721.5983591297856,False,3.445375919249254e-05,True
174,2681980,1340.99,stroke,4,37.457652253454995,False,312.85742726480333,True,10.667449046955284,True,206.70670100178353,False,385.1717901374313,False,3.029099035099453e-05,True
175,2688727,1344.3635,stroke,4,222.29524159774454,False,716.9778455061864,True,67.90479551810637,True,647.6788516662166,False,720.2025338447736,False,3.2699087767387426e-05,True
176,2691069,1345.5345,stroke,4,61.31871816095393,False,727.7776868404179,True,6.05551223134978,True,353.29722516785245,False,777.5704657027843,False,3.229414038954701e-05,True
177,2693755,1346.8775,stroke,4,693.1098389674189,False,717.098653854325,True,11.851004076507433,True,609.7869306289281,False,768.1700686561222,False,3.0881608880094894e-05,True
178,2699271,1349.6355,stroke,4,112.91625792993682,False,729.6601804607121,True,35.33043275116516,True,489.9814761464203,False,793.6068139966414,False,3.418606992744326e-05,True
179,2704301,1352.1505,stroke,4,86.0929323403343,False,740.0275187576739,True,13.696970401282558,True,673.4891128523786,False,797.1835909664868,False,3.0881608880094894e-05,True
180,2708632,1354.316,stroke,4,70.12848359626761,False,748.867947322004,True,8.52465678277748,True,297.2839879473029,False,800.4025109157175,False,2.7654188908846238e-05,True
181,2712170,1356.085,stroke,4,510.5460438049738,False,986.293597129926,True,23.900158905761128,True,548.1194710082294,False,1032.381144815047,False,3.544948019259144e-05,True
182,2715367,1357.6835,stroke,4,57.2460426866854,False,728.0850319531578,True,33.295993494516615,True,248.6881411090871,False,805.5873133131706,False,3.865691961137898e-05,True
183,2720093,1360.0465,stroke,4,85.42998728371616,False,849.4611401380608,True,71.88007632787561,True,599.8453516610102,False,925.2709784918186,False,3.0881608880094894e-05,True
184,2723587,1361.7935,stroke,4,191.55505764381536,False,638.8464785627687,True,68.10167702155725,True,599.1342162019904,False,712.1356581422627,False,3.801851635498266e-05,True
185,2750149,1375.0745,stroke,4,7.603603429962163,False,10.420320740854107,True,18.30955025108783,True,32.03584237581508,False,24.58748110505637,False,3.8656919615826174e-05,True
186,2756585,1378.2925,stroke,4,11.147403786963544,False,12.262192917516636,True,9.742484676467539,True,260.55110275686843,False,16.68244277826759,False,2.537880001300433e-05,True
187,2775780,1387.89,stroke,4,170.242150502522,False,543.6410535521486,True,19.36524953033394,True,615.8673855904453,False,311.9126334964405,False,3.153045988461517e-05,True
188,2786104,1393.052,stroke,4,60.72351464536947,False,636.4225987233114,True,13.35153614345477,True,129.0090910229697,False,667.8153753965729,False,2.5378800013361533e-05,True
189,2795244,1397.622,stroke,4,5.0418308093828195,False,12.891862758825335,True,9.29953348602228,True,9.575236835511053,False,9.199275135575629,False,3.823899948867287e-05,True
190,2829924,1414.962,stroke,4,49.70345958852862,False,712.9510191583753,True,38.93584094631069,True,243.76650803728927,False,711.4286978264602,False,2.8573480000785093e-05,True
191,2834397,1417.1985,stroke,4,47.837660731499206,False,740.0647905936694,True,21.58164320699563,True,164.80981546333985,False,680.3553771300433,False,2.892434158484973e-05,True
192,2837234,1418.617,stroke,4,58.12302593225127,False,711.6179847481587,True,15.488521897739194,True,194.58055421332733,False,645.2337524048978,False,2.7654188905442294e-05,True
193,2840096,1420.048,stroke,4,106.45261791939598,False,731.2175285452474,True,19.249792948905384,True,218.29949581794585,False,506.2346377440452,False,3.0290990350994534e-05,True
194,2866583,1433.2915,stroke,4,58.431594081055096,False,591.0870122238841,True,19.227100312775402,True,1260.8086154101445,False,569.3068161542507,False,2.6370550082373464e-05,True
195,2885449,1442.7245,stroke,4,49.85987254385947,False,689.3366812971024,True,13.324021530037548,True,156.50788248166225,False,501.6924528874083,False,2.3252265503185247e-05,True
196,2888180,1444.09,stroke,4,42.271313538931906,False,743.5439889975056,True,37.860445422917515,True,141.90918956176967,False,531.9490118923446,False,3.229414038874353e-05,True
197,2893493,1446.7465,stroke,4,416.8885922993914,False,692.9105771279,True,26.45902207619765,True,159.78472545969765,False,533.0312245649484,False,3.865691961391666e-05,True
198,2902329,1451.1645,stroke,4,44.088695977186944,False,605.1422946124011,True,65.53245222755616,True,139.76559722197,False,352.3508081810692,False,2.3118233739971962e-05,True
199,2906000,1453.0,stroke,4,370.43215071036104,False,622.2919440491919,True,14.4344007138778,True,177.0602426043913,False,529.5614945245698,False,3.507391680473714e-05,True
200,2911088,1455.544,stroke,4,49.310872706286844,False,649.2319425137526,True,15.347172392634674,True,149.6114659363135,False,893.1379634490193,False,2.85734800004493e-05,True
201,2914871,1457.4355,stroke,4,38.5726031179917,False,701.2554424208128,True,19.48688962128219,True,351.35697737866303,False,717.4031902503373,False,3.315941169133325e-05,True
202,2919777,1459.8885,stroke,4,26.87035862448757,False,651.3114156648087,True,18.71598446414239,True,401.6344157410109,False,559.4213731583562,False,2.8924341587840566e-05,True
203,2939693,1469.8465,stroke,4,30.714525151727518,False,843.1173467246251,True,265.90179233981104,True,260.89007375100806,False,754.8054628359934,False,3.801851635498266e-05,True
204,2944601,1472.3005,stroke,4,32.110128423435036,False,883.2902769885201,True,291.6468931933768,True,239.99028197354926,False,830.7004233640453,False,3.088160888073921e-05,True
205,2977529,1488.7645,stroke,4,50.447189061335926,False,828.345703613779,True,283.5730977115685,True,214.67492904266786,False,481.5665288731724,False,3.498871860351127e-05,True
206,2982358,1491.179,stroke,4,39.379657445723026,False,704.2670585000965,True,48.62888425441491,True,207.28320679637383,False,513.8077505851455,False,3.153045988565071e-05,True
207,2986633,1493.3165,stroke,4,40.16179767084787,False,658.0424888106775,True,49.027185550428534,True,252.45714609419258,False,419.8487476445579,False,2.3252265497744443e-05,True
208,2990669,1495.3345,stroke,4,34.24257847154156,False,698.4382950383109,True,40.25027366439016,True,190.32230298615767,False,493.86302728587225,False,3.30166125581374e-05,True
209,2994585,1497.2925,stroke,4,40.59752670411234,False,724.242858064728,True,14.798645071899266,True,288.2708144955585,False,530.2778593479559,False,2.5486731149342723e-05,True
210,2999114,1499.557,stroke,4,41.0466166353883,False,697.740195646298,True,47.06067309839914,True,211.72338447734865,False,636.774572410588,False,3.332171225017952e-05,True
211,3002604,1501.302,stroke,4,79.45104076248029,False,736.6026483796437,True,44.75947221208032,True,369.7163248172982,False,576.9534579958488,False,3.088160888073921e-05,True
212,3053676,1526.838,stroke,4,183.50189462032,False,674.8221615294588,True,21.88728736171671,True,230.32807563587957,False,506.3246583726185,False,3.6851497594738664e-05,True
213,3083296,1541.648,stroke,4,80.39476904534405,False,765.1976889504892,True,19.612635769331995,True,301.14016432884534,False,605.4189400794122,False,3.0033206807063745e-05,True
214,3085607,1542.8035,stroke,4,427.43545457295716,False,774.8007457822316,True,26.47278893566977,True,644.3388190664788,False,924.2888796078,False,3.224247733328751e-05,True
215,3088393,1544.1965,stroke,4,81.85561018683083,False,682.1858229828687,True,23.284128533520228,True,600.0225930977454,False,831.0542588981954,False,2.54867311495453e-05,True
216,3093790,1546.895,stroke,4,102.36344715330335,False,718.4137124875615,True,50.75641702739996,True,385.2866431961494,False,317.24797437568134,False,3.804185984899337e-05,True
217,3096228,1548.114,stroke,4,163.6832792814598,False,729.7170901491575,True,46.75035149801499,True,346.0685405886609,False,213.7663978213821,False,2.60318232293731e-05,True
218,3100915,1550.4575,stroke,4,385.6081196366465,False,770.1716551641287,True,13.089357918299257,True,1439.7744952597482,False,392.40920758157347,False,3.823899948867287e-05,True
219,3103447,1551.7235,stroke,4,61.25697497538367,False,777.1822353257568,True,9.19771438095568,True,309.43903567487365,False,394.27269166234976,False,3.301661255919495e-05,True
220,3112253,1556.1265,stroke,4,251.96324378447417,False,722.0392586167125,True,37.95389843733338,True,234.04833228522745,False,383.7892131592446,False,2.4672185882088022e-05,True
221,3114855,1557.4275,stroke,4,118.11079542918591,False,751.9459838202409,True,77.18445710928731,True,197.05883087640524,False,365.1352973286099,False,3.865691961391666e-05,True
222,3117722,1558.861,stroke,4,193.52461104715837,False,788.3538827634202,True,15.853658875471272,True,228.85888649625838,False,452.315729439244,False,3.6912034929978514e-05,True
223,3120115,1560.0575,stroke,4,28.606456308241647,False,710.6790534123485,True,13.724337596692923,True,336.3193649978191,False,488.90115118733394,False,3.865691961391666e-05,True
224,3123036,1561.518,stroke,4,15.896340073321186,False,39.65351831032871,True,11.415127288826627,True,22.586303600229073,False,24.82549345401039,False,3.8238999491794426e-05,True
225,3299654,1649.827,stroke,4,3.7863279872659508,False,21.363739051691724,True,22.456005094801913,True,7.381913190065563,False,26.524632434356434,False,2.555323506268493e-05,True
226,3357837,1678.9185,stroke,4,4.060020061830597,False,17.45732842445073,True,10.8726665341377,True,357.815556717933,False,7.590908874030221,False,2.46721858830032e-05,True
227,3375163,1687.5815,stroke,4,9.936663824895971,False,25.75100756840569,True,6.779494704658605,True,249.3943821852128,False,11.334625862982234,False,3.865691961258532e-05,True
228,3417774,1708.887,stroke,4,3.121469125656276,False,16.467754415448077,True,9.470603162852129,True,7.705608565747347,False,6.0328861960387545,False,2.2350909879139458e-05,True
229,3431927,1715.9635,stroke,4,12.119409623541172,False,13.899897007430704,True,18.38286419350001,True,311.5638055406705,False,9.532768778838381,False,3.590090121272404e-05,True
230,3441579,1720.7895,stroke,4,8.908766254334534,False,17.675595755580105,True,60.40745046642865,True,285.43408508662606,False,11.38625926059673,False,3.865691961391666e-05,True
231,3443648,1721.824,stroke,4,13.111254477173667,False,21.695856341793366,True,14.217885497638356,True,42.217743643869944,False,17.821253795105093,False,3.544948019478891e-05,True
232,3446787,1723.3935,stroke,4,2.5723504882415513,False,10.264347108511563,True,6.0730856894337,True,6.498079232760606,False,18.916625798174866,False,3.229414038874353e-05,True
233,3456941,1728.4705,stroke,4,18.303994814461124,False,12.874091975467785,True,8.745928755673894,True,247.9294311814868,False,5.802139488546635,False,2.765418890884624e-05,True
234,3463084,1731.542,stroke,4,315.61742065349085,False,449.05220063381154,True,1605.7326080118478,True,935.5519943439472,False,393.6489156564851,False,2.235090988060617e-05,True
235,3467737,1733.8685,stroke,4,81.3744912179597,False,381.9792322689389,True,1635.1755596060693,True,1038.487528150595,False,385.6177957537403,False,3.801851635853435e-05,True
236,3470716,1735.358,stroke,4,3.4955566603789694,False,16.024170071511286,True,9.155513481319607,True,8.857156151990138,False,6.657960715283913,False,2.6902076026720307e-05,True
237,3475764,1737.882,stroke,4,319.2732188905194,False,749.5287297565383,True,1365.2228363923618,True,185.21607981769867,False,692.5522751375913,False,2.1142956839710012e-05,True
238,3484896,1742.448,stroke,4,8.98541714874919,False,14.713684896791126,True,8.083369778098232,True,338.5723593542381,False,16.28063725271356,False,2.5378800012795054e-05,True
239,3487411,1743.7055,stroke,4,7.844619185967648,False,19.412019310190637,True,17.205635113454477,True,99.11200757335708,False,9.011411062541393,False,3.088160888073921e-05,True
240,3494315,1747.1575,stroke,4,17.997029977955997,False,11.684269124831982,True,6.30260558585299,True,487.09720787137735,False,7.758155380224852,False,3.804185984899337e-05,True
241,3497234,1748.617,stroke,4,4.350151906514441,False,17.444960172108917,True,7.647891395569211,True,5.711451419268503,False,14.93826370564028,False,3.801851635981625e-05,True
242,3499723,1749.8615,stroke,4,4.796233323819692,False,18.752888631325494,True,9.351051233938973,True,21.612557119641643,False,11.950331238506939,False,2.7649391166818398e-05,True
243,3501750,1750.875,stroke,4,8.268128565082723,False,11.647893621511606,True,5.907373132746105,True,290.78239273192315,False,10.151183683249386,False,2.872304182267757e-05,True
244,3510916,1755.458,stroke,4,156.30241586665355,False,339.2722507930207,True,1611.78829101309,True,1203.0453282330432,False,496.2758237891678,False,3.823899948864782e-05,True
245,3515945,1757.9725,stroke,4,53.20149825525448,False,336.88205234844906,True,1273.1199792747493,True,385.1697461711741,False,454.2808872445955,False,2.2400253720602934e-05,True
246,3520189,1760.0945,stroke,4,5.754063560578155,False,13.788378985230624,True,7.979375263798537,True,162.87845757599212,False,9.770638869394638,False,2.7654188908846238e-05,True
247,3534424,1767.212,stroke,4,4.840288257214202,False,14.621306660034183,True,6.822651932414521,True,340.99862074802076,False,8.918755341568392,False,2.8723041823881705e-05,True
248,3538225,1769.1125,stroke,4,9.715179714645078,False,12.201063508061734,True,13.6377223780174,True,190.47180024506588,False,8.751704833991848,False,2.9916919823911438e-05,True
249,3543044,1771.522,stroke,4,6.012831598782712,False,15.383358261134623,True,14.23882339730419,True,253.84165158502822,False,9.663547835535379,False,3.224247733275753e-05,True
250,3546713,1773.3565,stroke,4,532.9362594557547,False,738.0190508051882,True,976.3629681238633,True,1430.8292028642295,False,463.4907029527119,False,3.691203493124655e-05,True
251,3549204,1774.602,stroke,4,377.7542809802864,False,559.6051099472982,True,953.0215351559896,True,350.5755190353415,False,542.1785642022269,False,2.652697113502709e-05,True
252,3552495,1776.2475,stroke,4,406.92699162248243,False,444.93619711285595,True,721.3762146820593,True,678.6919966441179,False,548.4534933264529,False,3.4453759199056815e-05,True
253,3556725,1778.3625,stroke,4,64.10943756467151,False,366.2244741693909,True,1157.9299091158682,True,231.98176410730068,False,670.074686163666,False,3.445375919278006e-05,True
254,3561784,1780.892,stroke,4,82.64778500650357,False,383.0967236850604,True,869.8847423857985,True,194.4086465002751,False,833.1555247880519,False,3.5902337421441614e-05,True
255,3564386,1782.193,stroke,4,4.252547173361496,False,12.912878641071638,True,10.933446477380153,True,123.73207230888377,False,6.066265502802236,False,3.088160887902167e-05,True
256,3567776,1783.888,stroke,4,2.450650841727424,False,13.430957026328162,True,9.696953037900606,True,10.770586813513031,False,6.332285718477518,False,3.691203493124655e-05,True
257,3570999,1785.4995,stroke,4,87.77262637581336,False,569.8049460703332,True,889.1903604882654,True,362.8254437338603,False,920.1167360468335,False,3.8238999491794426e-05,True
258,3574457,1787.2285,stroke,4,80.98883040990549,False,532.8965462436109,True,904.5234363983518,True,404.62732371769664,False,840.4353291342472,False,3.424166596832503e-05,True
259,3581606,1790.803,stroke,4,76.29448499280517,False,520.3120452688146,True,992.0419777462802,True,190.85009632892067,False,832.3668427452267,False,3.5900901211163216e-05,True
260,3585759,1792.8795,stroke,4,72.3159692921883,False,401.50322113194875,True,1106.974128534969,True,1411.2883574033426,False,750.7184988137781,False,3.8018516359903567e-05,True
261,3590005,1795.0025,stroke,4,87.96210833664631,False,527.8368349683747,True,902.6316990528318,True,1492.5480774628013,False,634.005071951898,False,3.8018516360071984e-05,True
262,3594912,1797.456,stroke,4,272.1867090722475,False,576.2930062437154,True,906.4088490635876,True,605.6796176301752,False,471.15381957850366,False,3.0881608880094894e-05,True
263,3598636,1799.318,stroke,4,698.8726944661721,False,616.9407143770602,True,1105.931312530974,True,1318.7930174161736,False,431.05117334306124,False,3.8656919615826174e-05,True
264,3697822,1848.911,stroke,4,63294.82233379003,False,19.583734342488093,True,59.22286944341761,True,57120.98768820672,False,235581.58572736947,False,2.6619025866539732e-05,True
265,3707458,1853.729,stroke,4,47674.85324023609,False,21.39755594411715,True,27.624586918432176,True,146199.8172310475,False,114649.18575425589,False,3.213857283990074e-05,True
266,3712998,1856.499,stroke,4,182124.94669016017,False,36.58698199543437,True,52.68035842677165,True,42300.882996787775,False,103471.62693840457,False,3.088160887541674e-05,True
267,3719873,1859.9365,stroke,4,145015.37253674286,False,17.154038938172967,True,47.75521624889602,True,161331.51540126986,False,84429.65924305114,False,3.8041859841327774e-05,True
268,3726623,1863.3115,stroke,4,4796.979579999234,False,8.701007316318659,True,19.023394240649218,True,26680.34680981142,False,65295.08146593461,False,2.1142971548226013e-05,True
269,3792573,1896.2865,stroke,4,15559.267967928623,False,172724.86836590184,True,53387.432255447115,True,56818.4262335323,False,12458.34077732349,False,351248.6889413568,True
270,3801027,1900.5135,stroke,4,97488.85152777264,False,348261.75306358415,True,356532.7249712647,True,107923.44017302644,False,117697.19987960707,False,321058.4387893628,True
271,3805005,1902.5025,stroke,4,166031.16619423905,False,254136.64911314944,True,303016.7403326712,True,89705.45418727203,False,34832.60025302952,False,65146.336374706014,True
272,3809668,1904.834,stroke,4,7953.602741284647,False,19528.622274336347,True,8801.237524017699,True,26963.970602824716,False,9024.349962287324,False,6060.014066549365,True
273,3813501,1906.7505,stroke,4,340538.9643700633,False,29936.806614667443,True,125060.6061923271,True,81979.84519217185,False,208574.74253739833,False,49593.53184245674,True
274,3817704,1908.852,stroke,4,122534.66320791452,False,37650.083947680294,True,64986.52007941509,True,94871.66625696534,False,309296.39042346325,False,254963.81397676197,True
275,3822169,1911.0845,stroke,4,178471.26231237972,False,41445.42634255643,True,86286.20158538429,True,184762.62064941562,False,301386.752157805,False,43231.79795576549,True
276,3825952,1912.976,stroke,4,333839.22070090903,False,133614.50247668178,True,185941.6517088586,True,334451.9808796977,False,437817.0545730458,False,135485.0871831545,True
277,3828071,1914.0355,stroke,4,534979.0218569516,False,20949.072454515583,True,30853.49344392209,True,264586.1868810635,False,86628.83956433421,False,101122.58107012819,True
278,3839629,1919.8145,stroke,4,67713.67782078777,False,28709.59195763836,True,71576.18401199355,True,126221.05884284076,False,28689.063567526064,False,52166.28451558811,True
279,3843571,1921.7855,stroke,4,31461.99155414675,False,13407.06508429852,True,98106.9851311442,True,77958.7962007144,False,71164.09733615606,False,212733.6481664307,True
280,3847966,1923.983,stroke,4,45650.616796279384,False,86701.95723195412,True,86523.28508965613,True,217386.94735479233,False,45581.14657744928,False,98937.50644811409,True
281,3854875,1927.4375,stroke,4,43463.902819764335,False,41516.46878656823,True,18799.944512089976,True,91057.26575063882,False,18626.015873883298,False,16392.980465290406,True
282,3867156,1933.578,stroke,4,80425.88977485086,False,50425.89847434244,True,16502.516906572964,True,12479.503698755016,False,30561.344207118967,False,39306.375576727856,True
283,3870600,1935.3,stroke,4,397.4279326636261,False,64475.017320969135,True,26709.761860623315,True,23838.92414710825,False,62688.18489779532,False,46799.52410982612,True
284,3928562,1964.281,stroke,4,30492.900167908247,False,78.32947378103131,True,1895.2525067516813,True,178271.0416541092,False,160959.90570400783,False,1132.579903062252,True
285,3942233,1971.1165,stroke,4,46496.888963330784,False,203.75625340723695,True,133864.41433856895,True,28978.777048640244,False,88572.7239390917,False,277.3775746121161,True
286,4005161,2002.5805,stroke,4,241.36659954360607,False,3939.161564242505,True,878.0091227624005,True,27925.60990796772,False,29488.61088894306,False,459.7746406246322,True
